document_id,asset_id,question_id,source_file,source_index,question_number,topic_key,topic_name,image_path,sha256,file_bytes,width,height,aspect_ratio,orientation,log_area,log_aspect_ratio,grayscale_mean,grayscale_stddev,grayscale_entropy,foreground_fraction,dark_fraction,edge_density,extraction_warnings
legacy-test:test1:000,sha256:061a61b8bbfc6743c800cabfb0313115a72ccc93a12f80a36bf73df7b5b6054f,1,TEST1.DAT,0,1,TEST1.DAT:1,Электростатическое поле,images/TEST1_000.jpg,061a61b8bbfc6743c800cabfb0313115a72ccc93a12f80a36bf73df7b5b6054f,26260,510,205,2.487805,landscape,11.557421,0.911401,237.764983,50.735881,2.947785,0.160909,0.036031,0.205985,
legacy-test:test1:001,sha256:df702f043007833121c4b695f5ad1949a787b42540be901190cec7326cab73b2,2,TEST1.DAT,1,2,TEST1.DAT:1,Электростатическое поле,images/TEST1_001.jpg,df702f043007833121c4b695f5ad1949a787b42540be901190cec7326cab73b2,20189,571,134,4.261194,landscape,11.245229,1.449549,234.941645,54.951536,3.342927,0.190619,0.046371,0.221947,
legacy-test:test1:002,sha256:766f7e5e95c7ea78768709e2e43c189708da655bae897783195026500e2ae4d8,3,TEST1.DAT,2,3,TEST1.DAT:1,Электростатическое поле,images/TEST1_002.jpg,766f7e5e95c7ea78768709e2e43c189708da655bae897783195026500e2ae4d8,19538,561,142,3.950704,landscape,11.285548,1.373894,236.487648,53.18368,3.248987,0.171989,0.043195,0.208344,
legacy-test:test1:003,sha256:9caf089bbd1d0dc4c714b5905b4590f4e3c47cf21a171b72b371403423d6e67c,4,TEST1.DAT,3,4,TEST1.DAT:1,Электростатическое поле,images/TEST1_003.jpg,9caf089bbd1d0dc4c714b5905b4590f4e3c47cf21a171b72b371403423d6e67c,22903,560,160,3.5,landscape,11.403111,1.252763,238.048717,51.935862,2.900756,0.152667,0.04,0.201363,
legacy-test:test1:004,sha256:14da52a1b4a5d3667520e8b1ad37ffa0ae22264b7b3030dc111e20dd6490390a,5,TEST1.DAT,4,5,TEST1.DAT:1,Электростатическое поле,images/TEST1_004.jpg,14da52a1b4a5d3667520e8b1ad37ffa0ae22264b7b3030dc111e20dd6490390a,21095,483,148,3.263514,landscape,11.177229,1.182804,234.422248,55.849902,3.345823,0.19305,0.045996,0.248227,
legacy-test:test1:005,sha256:132e0fa639a74ec64edb5291232e6b5accbc67a5399ece6790dcd9c40643627d,6,TEST1.DAT,5,6,TEST1.DAT:1,Электростатическое поле,images/TEST1_005.jpg,132e0fa639a74ec64edb5291232e6b5accbc67a5399ece6790dcd9c40643627d,22446,570,174,3.275862,landscape,11.504692,1.186581,238.928927,51.055849,2.648682,0.140724,0.038748,0.177295,
legacy-test:test1:006,sha256:53d733a331fd0b76cc7796bb58a494332d3058e8ed6bb495bfe29bdb40beeb43,7,TEST1.DAT,6,7,TEST1.DAT:1,Электростатическое поле,images/TEST1_006.jpg,53d733a331fd0b76cc7796bb58a494332d3058e8ed6bb495bfe29bdb40beeb43,22253,560,224,2.5,landscape,11.739583,0.916291,243.440027,42.648938,2.254914,0.108267,0.025128,0.137823,
legacy-test:test1:007,sha256:5ca368e4ef5054684855aac9c27e599f6924b3029c6059ee4d0f129c885eef5a,8,TEST1.DAT,7,8,TEST1.DAT:1,Электростатическое поле,images/TEST1_007.jpg,5ca368e4ef5054684855aac9c27e599f6924b3029c6059ee4d0f129c885eef5a,33874,612,324,1.888889,landscape,12.197476,0.635989,242.07708,48.268551,2.07103,0.103435,0.035413,0.134681,
legacy-test:test1:008,sha256:d298768802eec71af726d644a04af26fa3b189723144f01c0c7f5b8eac8dd237,9,TEST1.DAT,8,9,TEST1.DAT:1,Электростатическое поле,images/TEST1_008.jpg,d298768802eec71af726d644a04af26fa3b189723144f01c0c7f5b8eac8dd237,40367,612,336,1.821429,landscape,12.233843,0.599621,240.884337,47.640276,2.550326,0.120181,0.032111,0.154619,
legacy-test:test1:009,sha256:e60958ee3be41ae8ad062b83c8c776679e07ce379dc278af8079f745c4e58f3a,10,TEST1.DAT,9,10,TEST1.DAT:1,Электростатическое поле,images/TEST1_009.jpg,e60958ee3be41ae8ad062b83c8c776679e07ce379dc278af8079f745c4e58f3a,48590,612,396,1.545455,landscape,12.398146,0.435318,240.708936,48.272704,2.531728,0.122343,0.033596,0.160556,
legacy-test:test1:010,sha256:00506f13c36316c71e598c196a26f63dda85da9679aa7599970565b784a15601,11,TEST1.DAT,10,11,TEST1.DAT:1,Электростатическое поле,images/TEST1_010.jpg,00506f13c36316c71e598c196a26f63dda85da9679aa7599970565b784a15601,36716,612,300,2.04,landscape,12.120515,0.71295,240.845114,49.585286,2.377384,0.114722,0.036699,0.153675,
legacy-test:test1:011,sha256:907f26a32a73f0bfeb9f27a7de02df5e38965ca1f8d0e6877e10d5deabf513c4,12,TEST1.DAT,11,12,TEST1.DAT:1,Электростатическое поле,images/TEST1_011.jpg,907f26a32a73f0bfeb9f27a7de02df5e38965ca1f8d0e6877e10d5deabf513c4,36856,612,324,1.888889,landscape,12.197476,0.635989,239.018246,51.398189,3.08744,0.136256,0.040714,0.153381,
legacy-test:test1:012,sha256:c977b0ba42c170ebc322172e759a8144bbe3801bb734edb8e41f846e1a727649,13,TEST1.DAT,12,13,TEST1.DAT:1,Электростатическое поле,images/TEST1_012.jpg,c977b0ba42c170ebc322172e759a8144bbe3801bb734edb8e41f846e1a727649,54696,612,444,1.378378,landscape,12.512557,0.320908,237.261166,54.294604,3.274431,0.15142,0.046142,0.162021,
legacy-test:test1:013,sha256:4a39c3da4bb150a72c3504319638729620d7e36234817b0aa612bed7b90a2328,14,TEST1.DAT,13,14,TEST1.DAT:1,Электростатическое поле,images/TEST1_013.jpg,4a39c3da4bb150a72c3504319638729620d7e36234817b0aa612bed7b90a2328,42376,559,405,1.380247,landscape,12.330037,0.322262,237.566885,51.775876,3.061998,0.170728,0.041459,0.153681,
legacy-test:test1:014,sha256:65fbd26b82c8ba392e4aee7458325f3f414d2f4b2291c4834533094e97e6840a,15,TEST1.DAT,14,15,TEST1.DAT:1,Электростатическое поле,images/TEST1_014.jpg,65fbd26b82c8ba392e4aee7458325f3f414d2f4b2291c4834533094e97e6840a,28694,612,252,2.428571,landscape,11.946161,0.887303,241.060516,49.275605,2.320002,0.110223,0.03635,0.142898,
legacy-test:test1:015,sha256:4efb1e34a26d933d1b1765d8496adef02fa8aedc645c3f22067cbfbb16cdd917,16,TEST1.DAT,15,16,TEST1.DAT:1,Электростатическое поле,images/TEST1_015.jpg,4efb1e34a26d933d1b1765d8496adef02fa8aedc645c3f22067cbfbb16cdd917,34790,612,288,2.125,landscape,12.079693,0.753772,241.329373,47.025377,2.444789,0.117466,0.031176,0.15642,
legacy-test:test1:016,sha256:03c7cdbee1aba5676120e2af2d02e28d0b3b9f4e1dcb7383baff068362da2cc0,17,TEST1.DAT,16,17,TEST1.DAT:1,Электростатическое поле,images/TEST1_016.jpg,03c7cdbee1aba5676120e2af2d02e28d0b3b9f4e1dcb7383baff068362da2cc0,36027,612,336,1.821429,landscape,12.233843,0.599621,238.814941,59.566813,2.082073,0.077313,0.059636,0.109277,
legacy-test:test1:017,sha256:c69f2d81056ac3b5468ef9498c858b8aba5baf79c542094418237da53f80e388,18,TEST1.DAT,17,18,TEST1.DAT:1,Электростатическое поле,images/TEST1_017.jpg,c69f2d81056ac3b5468ef9498c858b8aba5baf79c542094418237da53f80e388,22771,612,168,3.642857,landscape,11.540696,1.292768,236.372938,54.507167,3.141357,0.151387,0.044828,0.1921,
legacy-test:test1:018,sha256:a5a09f0cc08ee6f073416fc79bfb2afe6f5247b3f4f6d0b167bfe2cfa0c1c24c,19,TEST1.DAT,18,19,TEST1.DAT:1,Электростатическое поле,images/TEST1_018.jpg,a5a09f0cc08ee6f073416fc79bfb2afe6f5247b3f4f6d0b167bfe2cfa0c1c24c,33495,612,216,2.833333,landscape,11.792011,1.041454,235.305162,58.357748,2.948853,0.152271,0.053294,0.196867,
legacy-test:test1:019,sha256:223f4b8fb7f3a5c7d671df38902b2aeffe3fe5f113b9b8d94f62362ef3154a35,20,TEST1.DAT,19,20,TEST1.DAT:1,Электростатическое поле,images/TEST1_019.jpg,223f4b8fb7f3a5c7d671df38902b2aeffe3fe5f113b9b8d94f62362ef3154a35,38921,612,288,2.125,landscape,12.079693,0.753772,237.350643,55.359791,2.690574,0.135235,0.047125,0.175438,
legacy-test:test1:020,sha256:459dd76cc52388472899aac7a8bc247d46a13eb1cc55ee45c0323528ab675931,21,TEST1.DAT,20,21,TEST1.DAT:1,Электростатическое поле,images/TEST1_020.jpg,459dd76cc52388472899aac7a8bc247d46a13eb1cc55ee45c0323528ab675931,34774,612,288,2.125,landscape,12.079693,0.753772,241.343625,44.424373,2.717054,0.128404,0.023608,0.163413,
legacy-test:test1:021,sha256:76b02bed098d7c432236dd91b2690d56948e9e00e91428947d3a66c8a7e12b18,22,TEST1.DAT,21,22,TEST1.DAT:1,Электростатическое поле,images/TEST1_021.jpg,76b02bed098d7c432236dd91b2690d56948e9e00e91428947d3a66c8a7e12b18,30679,612,204,3.0,landscape,11.734852,1.098612,236.564366,55.894878,2.931893,0.147395,0.04789,0.192071,
legacy-test:test1:022,sha256:06c5774d05e82d5b172b98b8ce56bc5db42093721ec3ba4ce5e68fe75d8b3307,23,TEST1.DAT,22,23,TEST1.DAT:1,Электростатическое поле,images/TEST1_022.jpg,06c5774d05e82d5b172b98b8ce56bc5db42093721ec3ba4ce5e68fe75d8b3307,29319,612,240,2.55,landscape,11.897371,0.936093,240.948298,48.067572,2.527161,0.117559,0.034035,0.154656,
legacy-test:test1:023,sha256:8ae9d483b8b65821aac57b0267b4bcdd8a3d41eb708db653daefc1fd5727663a,24,TEST1.DAT,23,24,TEST1.DAT:1,Электростатическое поле,images/TEST1_023.jpg,8ae9d483b8b65821aac57b0267b4bcdd8a3d41eb708db653daefc1fd5727663a,40585,612,288,2.125,landscape,12.079693,0.753772,236.056146,56.663184,2.908841,0.146752,0.049638,0.18242,
legacy-test:test1:024,sha256:31ef75ddc320d9eee4cb09c9e30e3ebe7e522507b06b551b708c19403960de47,25,TEST1.DAT,24,25,TEST1.DAT:1,Электростатическое поле,images/TEST1_024.jpg,31ef75ddc320d9eee4cb09c9e30e3ebe7e522507b06b551b708c19403960de47,48225,612,372,1.645161,landscape,12.335626,0.497838,239.635366,51.647864,2.490711,0.125281,0.040678,0.170802,
legacy-test:test1:025,sha256:d775893d697cd69f08744b7705dd0574615e46ba2c9f9f49435054dd7b9624a1,26,TEST1.DAT,25,26,TEST1.DAT:1,Электростатическое поле,images/TEST1_025.jpg,d775893d697cd69f08744b7705dd0574615e46ba2c9f9f49435054dd7b9624a1,34782,612,300,2.04,landscape,12.120515,0.71295,241.792064,45.808286,2.500853,0.117576,0.029537,0.151034,
legacy-test:test1:026,sha256:5c72c30b39d64e7725d2b622b5f2f9d8f868909bc7152893f784c5e95b039bcc,27,TEST1.DAT,26,27,TEST1.DAT:1,Электростатическое поле,images/TEST1_026.jpg,5c72c30b39d64e7725d2b622b5f2f9d8f868909bc7152893f784c5e95b039bcc,30825,612,264,2.318182,landscape,11.992681,0.840783,240.974296,48.919172,2.466997,0.115258,0.035781,0.150238,
legacy-test:test1:027,sha256:551676a4f5db6960c942ce447d3bb8be2759df863ca6e0cb18d6c7d7e3c870de,28,TEST1.DAT,27,28,TEST1.DAT:1,Электростатическое поле,images/TEST1_027.jpg,551676a4f5db6960c942ce447d3bb8be2759df863ca6e0cb18d6c7d7e3c870de,49050,612,420,1.457143,landscape,12.456987,0.376478,240.835777,50.011804,2.381703,0.111613,0.037932,0.147027,
legacy-test:test1:028,sha256:751a8f39fee308bcd43adf26209778a4f151cfc2a90c344fd925be881cb54daa,29,TEST1.DAT,28,29,TEST1.DAT:1,Электростатическое поле,images/TEST1_028.jpg,751a8f39fee308bcd43adf26209778a4f151cfc2a90c344fd925be881cb54daa,34525,612,312,1.961538,landscape,12.159735,0.673729,240.783764,50.674741,2.263323,0.107215,0.039483,0.137668,
legacy-test:test1:029,sha256:0942156547ba96a74b71e065f01e007422940d7bf28d586f1bc7d7675519eeea,30,TEST1.DAT,29,30,TEST1.DAT:1,Электростатическое поле,images/TEST1_029.jpg,0942156547ba96a74b71e065f01e007422940d7bf28d586f1bc7d7675519eeea,44714,612,336,1.821429,landscape,12.233843,0.599621,238.984652,52.447054,2.615557,0.130199,0.041633,0.172494,
legacy-test:test1:030,sha256:f0200d3d61da84af9b6e1dc5a506874b4c3407e90b61cb0bbd26336f9578378d,31,TEST1.DAT,30,31,TEST1.DAT:1,Электростатическое поле,images/TEST1_030.jpg,f0200d3d61da84af9b6e1dc5a506874b4c3407e90b61cb0bbd26336f9578378d,42387,612,324,1.888889,landscape,12.197476,0.635989,239.331538,51.856565,2.629236,0.128591,0.040582,0.167906,
legacy-test:test1:031,sha256:6f0c94950fcf851970d3747cbc1f1e5389bb8a3d0905e019d61046de79a1157e,32,TEST1.DAT,31,32,TEST1.DAT:1,Электростатическое поле,images/TEST1_031.jpg,6f0c94950fcf851970d3747cbc1f1e5389bb8a3d0905e019d61046de79a1157e,27953,612,324,1.888889,landscape,12.197476,0.635989,245.203971,42.245151,1.745219,0.075859,0.026361,0.104928,
legacy-test:test1:032,sha256:2856df2ce13db1229e9cefba3292a805d2f770a69451cf106c227c7c4ebe7599,33,TEST1.DAT,32,33,TEST1.DAT:1,Электростатическое поле,images/TEST1_032.jpg,2856df2ce13db1229e9cefba3292a805d2f770a69451cf106c227c7c4ebe7599,33010,612,324,1.888889,landscape,12.197476,0.635989,244.128863,41.68855,2.288787,0.097595,0.023612,0.127568,
legacy-test:test1:033,sha256:6cd2b0cae9808ea2787b808f5c8b2c225764520a814713297b67595656d60e6d,34,TEST1.DAT,33,34,TEST1.DAT:1,Электростатическое поле,images/TEST1_033.jpg,6cd2b0cae9808ea2787b808f5c8b2c225764520a814713297b67595656d60e6d,36121,718,336,2.136905,landscape,12.393581,0.759358,245.117555,40.295005,2.059375,0.085199,0.022002,0.113488,
legacy-test:test1:034,sha256:1e92eb3c2c95e33d5e5957af0f20f7014713c0ac3e79cc0f21214be26134a42f,35,TEST1.DAT,34,35,TEST1.DAT:1,Электростатическое поле,images/TEST1_034.jpg,1e92eb3c2c95e33d5e5957af0f20f7014713c0ac3e79cc0f21214be26134a42f,47169,612,372,1.645161,landscape,12.335626,0.497838,238.548273,53.73552,2.607462,0.131145,0.044777,0.16206,
legacy-test:test1:035,sha256:31f351c1b62adecccda0cf6ca4bcfffe1dedc3cd54de2439f52b8750c2e15a7f,36,TEST1.DAT,35,36,TEST1.DAT:2,Электрическое поле тока,images/TEST1_035.jpg,31f351c1b62adecccda0cf6ca4bcfffe1dedc3cd54de2439f52b8750c2e15a7f,25496,612,180,3.4,landscape,11.609689,1.223775,238.998947,52.539003,2.635989,0.130801,0.04203,0.180475,
legacy-test:test1:036,sha256:e214914b32d5d5c34d6ca6a3455a92139fefb4041f90634f52e62fb4e884183a,37,TEST1.DAT,36,37,TEST1.DAT:2,Электрическое поле тока,images/TEST1_036.jpg,e214914b32d5d5c34d6ca6a3455a92139fefb4041f90634f52e62fb4e884183a,21347,612,132,4.636364,landscape,11.299534,1.53393,236.726654,55.054209,3.033861,0.152926,0.045442,0.210303,
legacy-test:test1:037,sha256:c79bf88098ccbcf69dae70a286949ebdc7a3653f630186190cc0332dd91e0cff,38,TEST1.DAT,37,38,TEST1.DAT:2,Электрическое поле тока,images/TEST1_037.jpg,c79bf88098ccbcf69dae70a286949ebdc7a3653f630186190cc0332dd91e0cff,21500,612,156,3.923077,landscape,11.466588,1.366876,238.958742,52.249394,2.649573,0.128928,0.040588,0.179221,
legacy-test:test1:038,sha256:72ea81d8f8a6b0005e5db08b904f763d999b3fb399fb2b3430f0ca2a1ec67e6a,39,TEST1.DAT,38,39,TEST1.DAT:2,Электрическое поле тока,images/TEST1_038.jpg,72ea81d8f8a6b0005e5db08b904f763d999b3fb399fb2b3430f0ca2a1ec67e6a,29013,612,240,2.55,landscape,11.897371,0.936093,241.257571,49.712957,2.239028,0.10719,0.037779,0.146694,
legacy-test:test1:039,sha256:fd6a008380c647942a2c6095bb3ce6178476c65cf87e7e58d6af12bd582a3a99,40,TEST1.DAT,39,40,TEST1.DAT:2,Электрическое поле тока,images/TEST1_039.jpg,fd6a008380c647942a2c6095bb3ce6178476c65cf87e7e58d6af12bd582a3a99,48980,507,259,1.957529,landscape,11.785339,0.671683,223.877575,65.960425,4.718183,0.304113,0.071166,0.329807,
legacy-test:test1:040,sha256:18f7c63fcd07e233854f8be289af14c1f80f030a93ddb91f6f3fe3bbf10ec461,41,TEST1.DAT,40,41,TEST1.DAT:2,Электрическое поле тока,images/TEST1_040.jpg,18f7c63fcd07e233854f8be289af14c1f80f030a93ddb91f6f3fe3bbf10ec461,38503,613,300,2.043333,landscape,12.122147,0.714582,234.331158,66.870333,2.103145,0.097036,0.07665,0.129252,
legacy-test:test1:041,sha256:8127d7bc718824b402a2742c759572b92be2118e08f7ed16bc2bdf710d1a8cc8,42,TEST1.DAT,41,42,TEST1.DAT:2,Электрическое поле тока,images/TEST1_041.jpg,8127d7bc718824b402a2742c759572b92be2118e08f7ed16bc2bdf710d1a8cc8,39902,612,288,2.125,landscape,12.079693,0.753772,238.133879,54.196314,2.592573,0.135076,0.044867,0.178224,
legacy-test:test1:042,sha256:753c9a6bfd855d4b3e84cc6edbb3f8b18706260a716aa75b64a16f26d5352840,43,TEST1.DAT,42,43,TEST1.DAT:2,Электрическое поле тока,images/TEST1_042.jpg,753c9a6bfd855d4b3e84cc6edbb3f8b18706260a716aa75b64a16f26d5352840,39444,612,312,1.961538,landscape,12.159735,0.673729,240.170783,51.028689,2.485991,0.117946,0.039656,0.161126,
legacy-test:test1:043,sha256:9054d10d40179ab6f80f29aeff68b92e997b3e01e9dfa24cc51136fbc1b53ee6,44,TEST1.DAT,43,44,TEST1.DAT:2,Электрическое поле тока,images/TEST1_043.jpg,9054d10d40179ab6f80f29aeff68b92e997b3e01e9dfa24cc51136fbc1b53ee6,39423,612,336,1.821429,landscape,12.233843,0.599621,241.855125,45.302445,2.480785,0.117073,0.027651,0.158064,
legacy-test:test1:044,sha256:3469a3fe31e64cb72349c4a181b827236d8a205dad09ce48441ea1250fffbf77,45,TEST1.DAT,44,45,TEST1.DAT:2,Электрическое поле тока,images/TEST1_044.jpg,3469a3fe31e64cb72349c4a181b827236d8a205dad09ce48441ea1250fffbf77,47197,612,348,1.758621,landscape,12.268935,0.56453,238.395467,53.580477,2.628487,0.135522,0.043958,0.181304,
legacy-test:test1:045,sha256:ee298d190346dc5bd5ca705314f9c98147468675419580947c98132275e737b8,46,TEST1.DAT,45,46,TEST1.DAT:2,Электрическое поле тока,images/TEST1_045.jpg,ee298d190346dc5bd5ca705314f9c98147468675419580947c98132275e737b8,30020,612,204,3.0,landscape,11.734852,1.098612,237.426142,52.64498,3.226006,0.15285,0.040137,0.203855,
legacy-test:test1:046,sha256:30834655c5b1f974ba4c0b9e7bbf7f81b843277ac441740a37cf699476e900c1,47,TEST1.DAT,46,47,TEST1.DAT:2,Электрическое поле тока,images/TEST1_046.jpg,30834655c5b1f974ba4c0b9e7bbf7f81b843277ac441740a37cf699476e900c1,30014,612,180,3.4,landscape,11.609689,1.223775,235.452505,57.018764,3.199704,0.162908,0.050454,0.216882,
legacy-test:test1:047,sha256:3fe4631b762b16c58ea44c88a42fb653c717a16930f95acf6c3c9de207a9b95e,48,TEST1.DAT,47,48,TEST1.DAT:2,Электрическое поле тока,images/TEST1_047.jpg,3fe4631b762b16c58ea44c88a42fb653c717a16930f95acf6c3c9de207a9b95e,22653,612,216,2.833333,landscape,11.792011,1.041454,243.033769,45.488009,2.259495,0.096609,0.030206,0.134641,
legacy-test:test1:048,sha256:adf0ac7749b9814cbed168d97200c044d9e0c7bef23595a07baab485accde531,49,TEST1.DAT,48,49,TEST1.DAT:2,Электрическое поле тока,images/TEST1_048.jpg,adf0ac7749b9814cbed168d97200c044d9e0c7bef23595a07baab485accde531,36285,612,228,2.684211,landscape,11.846078,0.987387,236.610165,54.171126,3.237992,0.166122,0.044082,0.212955,
legacy-test:test1:049,sha256:6a4aefff139905871096c4e494adbda4507d039c05dc09f77c37f340a69cc858,50,TEST1.DAT,49,50,TEST1.DAT:2,Электрическое поле тока,images/TEST1_049.jpg,6a4aefff139905871096c4e494adbda4507d039c05dc09f77c37f340a69cc858,32928,612,265,2.309434,landscape,11.996462,0.837002,239.604384,52.274177,2.405927,0.118122,0.041762,0.153949,
legacy-test:test1:050,sha256:985d3685733150f3c71e493f6c226a7c6990272e86db81c81fdb309a5af59f24,51,TEST1.DAT,50,51,TEST1.DAT:2,Электрическое поле тока,images/TEST1_050.jpg,985d3685733150f3c71e493f6c226a7c6990272e86db81c81fdb309a5af59f24,28638,612,240,2.55,landscape,11.897371,0.936093,241.021317,49.354161,2.303531,0.112241,0.036329,0.154353,
legacy-test:test1:051,sha256:fd36bcc31c0a035c36c4ed19c9449cc43a5fcd7ecb0d6873a8ff3f00bff2c7fd,52,TEST1.DAT,51,52,TEST1.DAT:2,Электрическое поле тока,images/TEST1_051.jpg,fd36bcc31c0a035c36c4ed19c9449cc43a5fcd7ecb0d6873a8ff3f00bff2c7fd,32053,631,300,2.103333,landscape,12.151088,0.743523,239.963883,57.146134,1.820079,0.070898,0.054643,0.101258,
legacy-test:test1:052,sha256:186694231960aaaa08f15ef22474c74ad4b0ed8c4262c19751448667e1bb8864,53,TEST1.DAT,52,53,TEST1.DAT:2,Электрическое поле тока,images/TEST1_052.jpg,186694231960aaaa08f15ef22474c74ad4b0ed8c4262c19751448667e1bb8864,64520,626,432,1.449074,landscape,12.507776,0.370925,231.243647,71.279845,2.293915,0.11289,0.088473,0.141115,
legacy-test:test1:053,sha256:c76ebfd1284481ec68b7503349cb8499a0fe7f8d19af0356bee448377af3556f,54,TEST1.DAT,53,54,TEST1.DAT:2,Электрическое поле тока,images/TEST1_053.jpg,c76ebfd1284481ec68b7503349cb8499a0fe7f8d19af0356bee448377af3556f,69955,612,477,1.283019,landscape,12.584249,0.249216,234.601684,55.943107,3.444428,0.184062,0.046957,0.199362,
legacy-test:test1:054,sha256:f0dcae7151a455d3cbebae568faddca776a81750ce1559e9d17bbaa9f8d14213,55,TEST1.DAT,54,55,TEST1.DAT:2,Электрическое поле тока,images/TEST1_054.jpg,f0dcae7151a455d3cbebae568faddca776a81750ce1559e9d17bbaa9f8d14213,54381,612,372,1.645161,landscape,12.335626,0.497838,235.43099,55.457188,3.255756,0.173225,0.046393,0.199548,
legacy-test:test1:055,sha256:d916a0625cde93e111b9d34aa6be2c256303e483142cfd764553dec5e129f90b,56,TEST1.DAT,55,56,TEST1.DAT:2,Электрическое поле тока,images/TEST1_055.jpg,d916a0625cde93e111b9d34aa6be2c256303e483142cfd764553dec5e129f90b,55621,612,372,1.645161,landscape,12.335626,0.497838,235.665863,54.864165,3.277282,0.174441,0.044957,0.201183,
legacy-test:test1:056,sha256:3cbafd1ca640d50e3d69eaeb3e60ec03dfcacf64860b7f04754e0de8a4ffd228,57,TEST1.DAT,56,57,TEST1.DAT:2,Электрическое поле тока,images/TEST1_056.jpg,3cbafd1ca640d50e3d69eaeb3e60ec03dfcacf64860b7f04754e0de8a4ffd228,70618,755,420,1.797619,landscape,12.666972,0.586463,235.729133,55.8957,3.344723,0.170278,0.052728,0.178625,
legacy-test:test1:057,sha256:9ea8e187d89c71396300f885860d3b2d59c2fbf1773a6b8aebd2033ed8998a24,58,TEST1.DAT,57,58,TEST1.DAT:2,Электрическое поле тока,images/TEST1_057.jpg,9ea8e187d89c71396300f885860d3b2d59c2fbf1773a6b8aebd2033ed8998a24,47905,597,393,1.519084,landscape,12.365727,0.418108,234.572532,63.820184,2.322267,0.148716,0.071264,0.149309,
legacy-test:test1:058,sha256:9355242917d7e203dff4e001717bf1154781b600d1e93bfe53b3eb64c7006404,59,TEST1.DAT,58,59,TEST1.DAT:2,Электрическое поле тока,images/TEST1_058.jpg,9355242917d7e203dff4e001717bf1154781b600d1e93bfe53b3eb64c7006404,46970,612,372,1.645161,landscape,12.335626,0.497838,237.462036,53.543455,3.33889,0.156375,0.044342,0.172189,
legacy-test:test1:059,sha256:9ae635430a96adaa5658891a7e3b11c1a0ed587d9167ccee51cf3e62dc860f12,60,TEST1.DAT,59,60,TEST1.DAT:2,Электрическое поле тока,images/TEST1_059.jpg,9ae635430a96adaa5658891a7e3b11c1a0ed587d9167ccee51cf3e62dc860f12,52420,773,386,2.002591,landscape,12.606116,0.694442,240.084396,49.091905,2.870721,0.134185,0.036651,0.148833,
legacy-test:test1:060,sha256:c5546e8f741ed14c82a19fbe96b0f110011e4972e024c7821d9d1d8a845f5675,61,TEST1.DAT,60,61,TEST1.DAT:2,Электрическое поле тока,images/TEST1_060.jpg,c5546e8f741ed14c82a19fbe96b0f110011e4972e024c7821d9d1d8a845f5675,49358,612,372,1.645161,landscape,12.335626,0.497838,239.696017,50.016538,2.687371,0.131391,0.036514,0.175738,
legacy-test:test1:061,sha256:2287cea0f52c187e6bb6cf25e1f2b013a40c6a75786ac828e9f82def85e012b9,62,TEST1.DAT,61,62,TEST1.DAT:2,Электрическое поле тока,images/TEST1_061.jpg,2287cea0f52c187e6bb6cf25e1f2b013a40c6a75786ac828e9f82def85e012b9,36875,612,324,1.888889,landscape,12.197476,0.635989,242.081952,45.155624,2.497157,0.11505,0.028312,0.151359,
legacy-test:test1:062,sha256:b5eb87489f5267c3f1bed3125094d2d209b60a0c64a3d4e65a4e919abc12ee26,63,TEST1.DAT,62,63,TEST1.DAT:2,Электрическое поле тока,images/TEST1_062.jpg,b5eb87489f5267c3f1bed3125094d2d209b60a0c64a3d4e65a4e919abc12ee26,50678,612,373,1.640751,landscape,12.338311,0.495154,237.631442,54.923125,2.717834,0.135669,0.046588,0.170695,
legacy-test:test1:063,sha256:b01df0267daf695cd958b14a3b5c3cb3585fd515312e5789e7dc1bbafc664be8,64,TEST1.DAT,63,64,TEST1.DAT:2,Электрическое поле тока,images/TEST1_063.jpg,b01df0267daf695cd958b14a3b5c3cb3585fd515312e5789e7dc1bbafc664be8,43770,612,372,1.645161,landscape,12.335626,0.497838,238.594099,52.383674,2.796206,0.137892,0.041724,0.155804,
legacy-test:test1:064,sha256:191a0d2abff20451fdefe1112cb2e7a223b31a8bb866449556fb5e63fb24285f,65,TEST1.DAT,64,65,TEST1.DAT:2,Электрическое поле тока,images/TEST1_064.jpg,191a0d2abff20451fdefe1112cb2e7a223b31a8bb866449556fb5e63fb24285f,38041,612,312,1.961538,landscape,12.159735,0.673729,238.879928,50.828781,2.829534,0.140518,0.037372,0.163882,
legacy-test:test1:065,sha256:30092bc61ca9f49d9a9c283c8776754967e5e606fdb3dc2177e8c196cddd7333,66,TEST1.DAT,65,66,TEST1.DAT:2,Электрическое поле тока,images/TEST1_065.jpg,30092bc61ca9f49d9a9c283c8776754967e5e606fdb3dc2177e8c196cddd7333,55364,612,420,1.457143,landscape,12.456987,0.376478,239.745293,46.139306,3.211128,0.160952,0.027272,0.187462,
legacy-test:test1:066,sha256:df4a90164728523352b7955adf3728034e5e29601a97d86b5326278b6430e5ea,67,TEST1.DAT,66,67,TEST1.DAT:2,Электрическое поле тока,images/TEST1_066.jpg,df4a90164728523352b7955adf3728034e5e29601a97d86b5326278b6430e5ea,58775,612,385,1.58961,landscape,12.369976,0.463489,235.304384,52.533989,3.585293,0.191512,0.037153,0.218829,
legacy-test:test1:067,sha256:ff3413da42c9d8cb8b241fedf4722f20227f31025b1fc01c4c0e4e47068c533c,68,TEST1.DAT,67,68,TEST1.DAT:2,Электрическое поле тока,images/TEST1_067.jpg,ff3413da42c9d8cb8b241fedf4722f20227f31025b1fc01c4c0e4e47068c533c,56280,612,403,1.51861,landscape,12.415669,0.417796,236.676961,53.375236,3.225254,0.168013,0.042139,0.187654,
legacy-test:test1:068,sha256:c388f4bcb7cdfa1e43cb221154145988f853ef48b38d344a4de215ea9104c363,69,TEST1.DAT,68,69,TEST1.DAT:2,Электрическое поле тока,images/TEST1_068.jpg,c388f4bcb7cdfa1e43cb221154145988f853ef48b38d344a4de215ea9104c363,61267,612,372,1.645161,landscape,12.335626,0.497838,233.64145,59.441115,3.25554,0.172223,0.055274,0.218542,
legacy-test:test1:069,sha256:57f866fd5bd6510572205aad5a02032ea74f6a81c2fedd5e1fbce60895f95236,70,TEST1.DAT,69,70,TEST1.DAT:3,Магнитное поле тока,images/TEST1_069.jpg,57f866fd5bd6510572205aad5a02032ea74f6a81c2fedd5e1fbce60895f95236,39758,612,479,1.277662,landscape,12.588433,0.245032,243.420555,43.859288,2.38289,0.098182,0.029651,0.106757,
legacy-test:test1:070,sha256:dbf680bf2e26355757d109b40f1029fb98578a853fe6664b5500c7db519cb969,71,TEST1.DAT,70,71,TEST1.DAT:3,Магнитное поле тока,images/TEST1_070.jpg,dbf680bf2e26355757d109b40f1029fb98578a853fe6664b5500c7db519cb969,34668,612,442,1.384615,landscape,12.508042,0.325422,244.52078,42.295271,2.484626,0.08632,0.027238,0.097183,
legacy-test:test1:071,sha256:3e68460f98213d5ea255340e894dc5258945cc9937b7f0797ad56d2009644e92,72,TEST1.DAT,71,72,TEST1.DAT:3,Магнитное поле тока,images/TEST1_071.jpg,3e68460f98213d5ea255340e894dc5258945cc9937b7f0797ad56d2009644e92,36358,612,391,1.565217,landscape,12.38544,0.448025,242.260928,46.74487,2.632994,0.10198,0.033879,0.115698,
legacy-test:test1:072,sha256:e875bb977ac43226e133a3678039b114396d2df791dd2b4f2a098d8a4a81d728,73,TEST1.DAT,72,73,TEST1.DAT:3,Магнитное поле тока,images/TEST1_072.jpg,e875bb977ac43226e133a3678039b114396d2df791dd2b4f2a098d8a4a81d728,23621,612,228,2.684211,landscape,11.846078,0.987387,240.5216,50.469378,2.777947,0.113304,0.039596,0.126621,
legacy-test:test1:073,sha256:9688cdc00d03140e68d2cc95e01c97eb399b941d9421230a45ec8d0746b1c7bf,74,TEST1.DAT,73,74,TEST1.DAT:3,Магнитное поле тока,images/TEST1_073.jpg,9688cdc00d03140e68d2cc95e01c97eb399b941d9421230a45ec8d0746b1c7bf,26007,612,252,2.428571,landscape,11.946161,0.887303,240.261367,50.768946,2.836163,0.114198,0.040286,0.13101,
legacy-test:test1:074,sha256:30829ab59965afbae577ba0eb016b8d66aa0bc88f8ee6aee32ef79d93176d354,75,TEST1.DAT,74,75,TEST1.DAT:3,Магнитное поле тока,images/TEST1_074.jpg,30829ab59965afbae577ba0eb016b8d66aa0bc88f8ee6aee32ef79d93176d354,26107,612,228,2.684211,landscape,11.846078,0.987387,240.392451,49.83739,2.59919,0.121037,0.037618,0.145184,
legacy-test:test1:075,sha256:368b00b1e81ebadb2d218860b1420ceedf165801e88532f682207831a429ae2b,76,TEST1.DAT,75,76,TEST1.DAT:3,Магнитное поле тока,images/TEST1_075.jpg,368b00b1e81ebadb2d218860b1420ceedf165801e88532f682207831a429ae2b,57799,612,418,1.464115,landscape,12.452214,0.381251,235.415459,52.47622,3.343487,0.183308,0.039263,0.196974,
legacy-test:test1:076,sha256:5ae84268a13329b8c1471880b4bf248cdae0c5108463374912e8df272c558987,77,TEST1.DAT,76,77,TEST1.DAT:3,Магнитное поле тока,images/TEST1_076.jpg,5ae84268a13329b8c1471880b4bf248cdae0c5108463374912e8df272c558987,70641,603,504,1.196429,landscape,12.624493,0.179341,233.953872,66.942326,2.160969,0.104175,0.077233,0.144885,
legacy-test:test1:077,sha256:1afd33700b96d01dce655c8e99043e9b5b1dfc25beacec062ff26820de6efa5d,78,TEST1.DAT,77,78,TEST1.DAT:3,Магнитное поле тока,images/TEST1_077.jpg,1afd33700b96d01dce655c8e99043e9b5b1dfc25beacec062ff26820de6efa5d,63486,612,467,1.310493,landscape,12.563062,0.270403,236.214784,55.106656,3.156656,0.161327,0.046049,0.174712,
legacy-test:test1:078,sha256:d4d4c34b6535ac1926ac132327b5acadedcf9299bf13aaf979e6a79822520d53,79,TEST1.DAT,78,79,TEST1.DAT:3,Магнитное поле тока,images/TEST1_078.jpg,d4d4c34b6535ac1926ac132327b5acadedcf9299bf13aaf979e6a79822520d53,72680,612,488,1.254098,landscape,12.607048,0.226417,234.534454,59.208856,2.994745,0.16143,0.055813,0.195288,
legacy-test:test1:079,sha256:a530ad47a0e058246fd1d1dde372d53ed08f59de18d5a87d2da105551e3d18b8,80,TEST1.DAT,79,80,TEST1.DAT:3,Магнитное поле тока,images/TEST1_079.jpg,a530ad47a0e058246fd1d1dde372d53ed08f59de18d5a87d2da105551e3d18b8,68078,612,485,1.261856,landscape,12.600881,0.232583,237.949821,51.174838,3.039212,0.151028,0.037629,0.191718,
legacy-test:test1:080,sha256:af1bacf2b2ec40e05428f9adbcf59deeca1384eef0060f102325b7cd34b498ac,81,TEST1.DAT,80,81,TEST1.DAT:3,Магнитное поле тока,images/TEST1_080.jpg,af1bacf2b2ec40e05428f9adbcf59deeca1384eef0060f102325b7cd34b498ac,63586,551,421,1.308789,landscape,12.354368,0.269102,234.037168,56.78314,3.37612,0.183493,0.049088,0.22956,
legacy-test:test1:081,sha256:d81df07f51a5fa4a710893b6b90bebd82ec5fa01cc9440566bd5c43f9bfd8c65,82,TEST1.DAT,81,82,TEST1.DAT:3,Магнитное поле тока,images/TEST1_081.jpg,d81df07f51a5fa4a710893b6b90bebd82ec5fa01cc9440566bd5c43f9bfd8c65,32344,612,288,2.125,landscape,12.079693,0.753772,240.549661,49.270423,2.959442,0.129556,0.037304,0.150361,
legacy-test:test1:082,sha256:d8238e4cbfafb5cafa5167856f4b35d95284c8ba0b1d0604bec27e438cbba419,83,TEST1.DAT,82,83,TEST1.DAT:3,Магнитное поле тока,images/TEST1_082.jpg,d8238e4cbfafb5cafa5167856f4b35d95284c8ba0b1d0604bec27e438cbba419,25440,612,217,2.820276,landscape,11.79663,1.036835,238.84011,52.022807,3.141749,0.136216,0.041934,0.156836,
legacy-test:test1:083,sha256:09cb62f755b080f55dc7e75532d20ee2679c77a5ab61d83b3647cecfd611cecd,84,TEST1.DAT,83,84,TEST1.DAT:3,Магнитное поле тока,images/TEST1_083.jpg,09cb62f755b080f55dc7e75532d20ee2679c77a5ab61d83b3647cecfd611cecd,29693,612,252,2.428571,landscape,11.946161,0.887303,239.186573,51.931082,3.113026,0.130304,0.042004,0.150302,
legacy-test:test1:084,sha256:d171535235056e226b4b3b32372a5e2945c1963fc16eb9f4f24c7b1bd3931176,85,TEST1.DAT,84,85,TEST1.DAT:3,Магнитное поле тока,images/TEST1_084.jpg,d171535235056e226b4b3b32372a5e2945c1963fc16eb9f4f24c7b1bd3931176,29175,612,253,2.418972,landscape,11.950122,0.883343,239.856183,50.833229,2.760852,0.124377,0.039435,0.137084,
legacy-test:test1:085,sha256:319041ca41d3109a7cd6266c7cab60bd2f2ce1367a67a245a204403962bbd4fc,86,TEST1.DAT,85,86,TEST1.DAT:3,Магнитное поле тока,images/TEST1_085.jpg,319041ca41d3109a7cd6266c7cab60bd2f2ce1367a67a245a204403962bbd4fc,48050,612,372,1.645161,landscape,12.335626,0.497838,240.707086,49.12001,2.459986,0.120089,0.035359,0.163248,
legacy-test:test1:086,sha256:9d37b4204905f55b992ac7296cde6540b713d190f621525c183421bf9d96c12d,87,TEST1.DAT,86,87,TEST1.DAT:3,Магнитное поле тока,images/TEST1_086.jpg,9d37b4204905f55b992ac7296cde6540b713d190f621525c183421bf9d96c12d,50547,661,467,1.415418,landscape,12.640083,0.347425,239.942761,57.197899,1.779404,0.070703,0.05478,0.098866,
legacy-test:test1:087,sha256:88c1c5391a16542c0be2978f2a6b02a222380829f82608870afbd02be507988b,88,TEST1.DAT,87,88,TEST1.DAT:3,Магнитное поле тока,images/TEST1_087.jpg,88c1c5391a16542c0be2978f2a6b02a222380829f82608870afbd02be507988b,43581,612,330,1.854545,landscape,12.215825,0.61764,237.077708,53.515765,3.445516,0.163112,0.043811,0.187575,
legacy-test:test1:088,sha256:3aeceb2315e5b3d3c5f79474217105407f582413ee2a080b32d32699186861d9,89,TEST1.DAT,88,89,TEST1.DAT:3,Магнитное поле тока,images/TEST1_088.jpg,3aeceb2315e5b3d3c5f79474217105407f582413ee2a080b32d32699186861d9,47903,612,481,1.272349,landscape,12.5926,0.240865,241.250768,47.545139,2.867625,0.120439,0.034456,0.132116,
legacy-test:test1:089,sha256:00cbc4aacb4192d56a1bff7aabe607d3541789dbaa8c8c823c6da09d5222a587,90,TEST1.DAT,89,90,TEST1.DAT:3,Магнитное поле тока,images/TEST1_089.jpg,00cbc4aacb4192d56a1bff7aabe607d3541789dbaa8c8c823c6da09d5222a587,56604,612,404,1.514851,landscape,12.418147,0.415317,239.254886,50.19441,3.037797,0.140228,0.037003,0.177991,
legacy-test:test1:090,sha256:6a1424e08816f02589b65fa293852f8d9ba30aa3238026a8664c6750f6d20be4,91,TEST1.DAT,90,91,TEST1.DAT:3,Магнитное поле тока,images/TEST1_090.jpg,6a1424e08816f02589b65fa293852f8d9ba30aa3238026a8664c6750f6d20be4,54454,612,416,1.471154,landscape,12.447418,0.386047,239.38044,49.067773,3.133198,0.138068,0.034164,0.175608,
legacy-test:test1:091,sha256:086b95be4615a31a501aef2f65a8f5bc67374087b6bb9a6af1cde7a15e9d9a25,92,TEST1.DAT,91,92,TEST1.DAT:3,Магнитное поле тока,images/TEST1_091.jpg,086b95be4615a31a501aef2f65a8f5bc67374087b6bb9a6af1cde7a15e9d9a25,53565,612,372,1.645161,landscape,12.335626,0.497838,234.902035,56.813204,3.659966,0.177683,0.050728,0.20121,
legacy-test:test1:092,sha256:70e1e941e1bc9a9eff2050f65be72b15c32bea29438e40d80d6570a2ff0da9c4,93,TEST1.DAT,92,93,TEST1.DAT:3,Магнитное поле тока,images/TEST1_092.jpg,70e1e941e1bc9a9eff2050f65be72b15c32bea29438e40d80d6570a2ff0da9c4,39151,612,324,1.888889,landscape,12.197476,0.635989,238.996656,50.923614,3.190947,0.14431,0.039397,0.160788,
legacy-test:test1:093,sha256:8cafd32a9ce0db4cb6ecac23db53b90f2b99c9ab6354abe4a5b5a9d229db5693,94,TEST1.DAT,93,94,TEST1.DAT:3,Магнитное поле тока,images/TEST1_093.jpg,8cafd32a9ce0db4cb6ecac23db53b90f2b99c9ab6354abe4a5b5a9d229db5693,37794,612,255,2.4,landscape,11.957996,0.875469,234.527778,57.516606,3.56308,0.182218,0.052012,0.201737,
legacy-test:test1:094,sha256:f0791ac67daff44e94fe38603b5f10c73f83666f6bb25ae36ecd2732102dacba,95,TEST1.DAT,94,95,TEST1.DAT:3,Магнитное поле тока,images/TEST1_094.jpg,f0791ac67daff44e94fe38603b5f10c73f83666f6bb25ae36ecd2732102dacba,40968,612,300,2.04,landscape,12.120515,0.71295,238.424995,51.781659,2.960332,0.147402,0.039886,0.180487,
legacy-test:test1:095,sha256:7aa0fcff57581935ff5dc51fed7881f64ff8017be46fd22b305a35a7cb99c961,96,TEST1.DAT,95,96,TEST1.DAT:3,Магнитное поле тока,images/TEST1_095.jpg,7aa0fcff57581935ff5dc51fed7881f64ff8017be46fd22b305a35a7cb99c961,38713,612,315,1.942857,landscape,12.169305,0.66416,241.007215,47.790748,2.702799,0.129126,0.033468,0.152773,
legacy-test:test1:096,sha256:9220cd2dec1ac30d7b87eeaaa4bcb074e9fa7165241edaf6e9c489e4ce0a88d3,97,TEST1.DAT,96,97,TEST1.DAT:3,Магнитное поле тока,images/TEST1_096.jpg,9220cd2dec1ac30d7b87eeaaa4bcb074e9fa7165241edaf6e9c489e4ce0a88d3,33478,612,301,2.033223,landscape,12.123843,0.709622,240.830223,48.112631,2.705951,0.126924,0.033966,0.144674,
legacy-test:test1:097,sha256:1daaa912e09642d0b8661f6a89ffb83b4ed63b1fe27ed6ea53196166defb8330,98,TEST1.DAT,97,98,TEST1.DAT:3,Магнитное поле тока,images/TEST1_097.jpg,1daaa912e09642d0b8661f6a89ffb83b4ed63b1fe27ed6ea53196166defb8330,36104,612,327,1.87156,landscape,12.206692,0.626772,240.059528,49.666953,2.917983,0.130779,0.037652,0.147793,
legacy-test:test1:098,sha256:77cb51dc6a418ded30ea56ad0fabd1dd439e51f4f1cb01ef7eae205368dcfa35,99,TEST1.DAT,98,99,TEST1.DAT:3,Магнитное поле тока,images/TEST1_098.jpg,77cb51dc6a418ded30ea56ad0fabd1dd439e51f4f1cb01ef7eae205368dcfa35,35941,612,315,1.942857,landscape,12.169305,0.66416,239.86302,49.943493,2.960359,0.132203,0.03782,0.151254,
legacy-test:test1:099,sha256:2f082c84e1b63416c2ec853921f8961ab24ddda2030f190b4bf37f4945d9a1ea,100,TEST1.DAT,99,100,TEST1.DAT:3,Магнитное поле тока,images/TEST1_099.jpg,2f082c84e1b63416c2ec853921f8961ab24ddda2030f190b4bf37f4945d9a1ea,45088,612,398,1.537688,landscape,12.403184,0.43028,242.49796,45.963838,2.292975,0.106316,0.030385,0.14526,
legacy-test:test1:100,sha256:be38b45b16e414497816cd6eee5b3f78f2647339cc5e77e7a7b7934e4737c057,101,TEST1.DAT,100,101,TEST1.DAT:3,Магнитное поле тока,images/TEST1_100.jpg,be38b45b16e414497816cd6eee5b3f78f2647339cc5e77e7a7b7934e4737c057,44755,612,372,1.645161,landscape,12.335626,0.497838,241.019595,49.139713,2.332607,0.11423,0.035333,0.159371,
legacy-test:test1:101,sha256:8dfb99d5ff10c55ecbc0383045046a4f65766d8993125f8477ea5f78aa34c347,102,TEST1.DAT,101,102,TEST1.DAT:3,Магнитное поле тока,images/TEST1_101.jpg,8dfb99d5ff10c55ecbc0383045046a4f65766d8993125f8477ea5f78aa34c347,109728,775,511,1.516634,landscape,12.889233,0.416493,229.826471,64.611514,3.671329,0.20378,0.070859,0.219673,
legacy-test:test1:102,sha256:e341b30bb3b3ca4ae48054d8350d4dec52f4d3c9ca07ea21a29d30ecff3570c7,103,TEST1.DAT,102,103,TEST1.DAT:3,Магнитное поле тока,images/TEST1_102.jpg,e341b30bb3b3ca4ae48054d8350d4dec52f4d3c9ca07ea21a29d30ecff3570c7,33496,612,265,2.309434,landscape,11.996462,0.837002,238.369189,52.949782,2.63717,0.140856,0.042145,0.17081,
legacy-test:test1:103,sha256:4f77b0efe4c2a4368c73cad2cc2d866e13855d4e8125723f75778295b133dfef,104,TEST1.DAT,103,104,TEST1.DAT:3,Магнитное поле тока,images/TEST1_103.jpg,4f77b0efe4c2a4368c73cad2cc2d866e13855d4e8125723f75778295b133dfef,36488,612,292,2.09589,landscape,12.093486,0.739978,238.968988,50.392332,2.982586,0.144524,0.03667,0.168869,
legacy-test:test1:104,sha256:dbcdc83c84e66c30c6d8ec39ab7c5ea9c26c543465d4639b1cfd88ec0eb87c1b,105,TEST1.DAT,104,105,TEST1.DAT:3,Магнитное поле тока,images/TEST1_104.jpg,dbcdc83c84e66c30c6d8ec39ab7c5ea9c26c543465d4639b1cfd88ec0eb87c1b,55046,655,465,1.408602,landscape,12.626673,0.342598,238.844134,59.170347,1.929987,0.077413,0.058905,0.11115,
legacy-test:test1:105,sha256:685878323db6ae50587cbc274cf73338fd359b80b2326d98e35b9a1b3a2627e8,106,TEST1.DAT,105,106,TEST1.DAT:3,Магнитное поле тока,images/TEST1_105.jpg,685878323db6ae50587cbc274cf73338fd359b80b2326d98e35b9a1b3a2627e8,29342,612,229,2.672489,landscape,11.850454,0.98301,239.42042,50.354582,2.888252,0.138846,0.037674,0.167625,
legacy-test:test1:106,sha256:61e13b882e40190ebd00c7760b4933afc580f4fd513562c37357fb2cd74a64d0,107,TEST1.DAT,106,107,TEST1.DAT:3,Магнитное поле тока,images/TEST1_106.jpg,61e13b882e40190ebd00c7760b4933afc580f4fd513562c37357fb2cd74a64d0,37610,628,382,1.643979,landscape,12.387961,0.49712,241.210858,54.606129,1.657103,0.065091,0.049576,0.091138,
legacy-test:test1:107,sha256:ecf4bb88df12328b42fb71caddedd94a4efa1be13f68bb77d98c857452f34bfb,108,TEST1.DAT,107,108,TEST1.DAT:3,Магнитное поле тока,images/TEST1_107.jpg,ecf4bb88df12328b42fb71caddedd94a4efa1be13f68bb77d98c857452f34bfb,40022,612,288,2.125,landscape,12.079693,0.753772,236.483473,54.396156,3.204522,0.160885,0.044452,0.190909,
legacy-test:test1:108,sha256:fd17a48bf55a2be69a525667446b9173049b0c539980b0fa8debb81703e47853,109,TEST1.DAT,108,109,TEST1.DAT:3,Магнитное поле тока,images/TEST1_108.jpg,fd17a48bf55a2be69a525667446b9173049b0c539980b0fa8debb81703e47853,43670,612,279,2.193548,landscape,12.047944,0.785521,233.063245,59.669917,3.312617,0.186667,0.055321,0.212973,
legacy-test:test1:109,sha256:aa8578d11b7702695dc738fe49a34a2862a4641063ed78c4fade6742dc4b1fc9,110,TEST1.DAT,109,110,TEST1.DAT:3,Магнитное поле тока,images/TEST1_109.jpg,aa8578d11b7702695dc738fe49a34a2862a4641063ed78c4fade6742dc4b1fc9,49303,612,341,1.794721,landscape,12.248615,0.58485,235.721173,54.725317,3.186512,0.172484,0.044156,0.201891,
legacy-test:test1:110,sha256:d01b231c85ec186e1e96f16998354da30b888c02dada55ef0c95a84aa1edc08c,111,TEST1.DAT,110,111,TEST1.DAT:3,Магнитное поле тока,images/TEST1_110.jpg,d01b231c85ec186e1e96f16998354da30b888c02dada55ef0c95a84aa1edc08c,44928,612,338,1.810651,landscape,12.239778,0.593686,238.110043,49.445124,3.153271,0.160024,0.032264,0.184407,
legacy-test:test1:111,sha256:4db7b494331de5c5a09608063890650b949f4664a7ec91b767f2c32ec4d5d888,112,TEST1.DAT,111,112,TEST1.DAT:3,Магнитное поле тока,images/TEST1_111.jpg,4db7b494331de5c5a09608063890650b949f4664a7ec91b767f2c32ec4d5d888,42915,612,372,1.645161,landscape,12.335626,0.497838,240.885709,46.078808,2.755148,0.130174,0.028498,0.151307,
legacy-test:test1:112,sha256:aac0c5f1c6ce0d8b04ad18c295971ff4d563a4442abd3cc0d509b7f22379f14c,113,TEST1.DAT,112,113,TEST1.DAT:4,Электромагнитное поле,images/TEST1_112.jpg,aac0c5f1c6ce0d8b04ad18c295971ff4d563a4442abd3cc0d509b7f22379f14c,20489,510,195,2.615385,landscape,11.50741,0.961411,239.99277,45.241247,3.112203,0.158351,0.028145,0.173789,
legacy-test:test1:113,sha256:a469be0070c6b7d4d0033d967688b6a44b12227233f1d523db526f053e5b4296,114,TEST1.DAT,113,114,TEST1.DAT:4,Электромагнитное поле,images/TEST1_113.jpg,a469be0070c6b7d4d0033d967688b6a44b12227233f1d523db526f053e5b4296,20399,567,173,3.277457,landscape,11.493651,1.187068,240.406908,45.377923,2.988571,0.154367,0.029228,0.172799,
legacy-test:test1:114,sha256:416a5297f4753cd8d0ca0bf16694b684d7741a0a1dfe0ce96721bd1f7eaa5167,115,TEST1.DAT,114,115,TEST1.DAT:4,Электромагнитное поле,images/TEST1_114.jpg,416a5297f4753cd8d0ca0bf16694b684d7741a0a1dfe0ce96721bd1f7eaa5167,20898,555,178,3.117978,landscape,11.500752,1.137185,238.783176,47.736462,3.199161,0.180858,0.033293,0.178767,
legacy-test:test1:115,sha256:dc594085cbd4c7b7d1be96ea35b9cb98eb24a9caedd8a3ecb2e33afba4afdf1f,116,TEST1.DAT,115,116,TEST1.DAT:4,Электромагнитное поле,images/TEST1_115.jpg,dc594085cbd4c7b7d1be96ea35b9cb98eb24a9caedd8a3ecb2e33afba4afdf1f,49277,612,372,1.645161,landscape,12.335626,0.497838,238.303575,52.864615,2.949013,0.137338,0.042572,0.171236,
legacy-test:test1:116,sha256:f9f83a2f26a26d1caee26e12fe3f09599cd609e13def2859ed4ed6a3ab0c0ef1,117,TEST1.DAT,116,117,TEST1.DAT:4,Электромагнитное поле,images/TEST1_116.jpg,f9f83a2f26a26d1caee26e12fe3f09599cd609e13def2859ed4ed6a3ab0c0ef1,49805,612,372,1.645161,landscape,12.335626,0.497838,240.179589,47.335408,2.873918,0.136051,0.030167,0.174931,
legacy-test:test1:117,sha256:8da9d413f17f530e67bf0308b0a356a49cae829735ddc70854122b95b1291c07,118,TEST1.DAT,117,118,TEST1.DAT:4,Электромагнитное поле,images/TEST1_117.jpg,8da9d413f17f530e67bf0308b0a356a49cae829735ddc70854122b95b1291c07,49128,612,444,1.378378,landscape,12.512557,0.320908,242.234576,45.049222,2.372943,0.111578,0.027796,0.143773,
legacy-test:test1:118,sha256:0a1861c458da3fd50a4042924ffca939a2384a87c2f89c7c84515a07bb14077f,119,TEST1.DAT,118,119,TEST1.DAT:4,Электромагнитное поле,images/TEST1_118.jpg,0a1861c458da3fd50a4042924ffca939a2384a87c2f89c7c84515a07bb14077f,52713,612,394,1.553299,landscape,12.393083,0.440381,239.136367,51.576128,2.700187,0.132697,0.039975,0.172319,
legacy-test:test1:119,sha256:4d51deddc5f640ddb962a8e41e92b5a9da9bf3d09b0a7bc6158315f9134e2a05,120,TEST1.DAT,119,120,TEST1.DAT:4,Электромагнитное поле,images/TEST1_119.jpg,4d51deddc5f640ddb962a8e41e92b5a9da9bf3d09b0a7bc6158315f9134e2a05,54026,507,367,1.381471,landscape,12.133873,0.323149,229.960106,61.401126,3.793396,0.225067,0.058763,0.252608,
legacy-test:test1:120,sha256:798d41539dbda85cbf24eeb60091ff2588d834f43c380faa2b940f377e5924a6,121,TEST1.DAT,120,121,TEST1.DAT:4,Электромагнитное поле,images/TEST1_120.jpg,798d41539dbda85cbf24eeb60091ff2588d834f43c380faa2b940f377e5924a6,61139,654,432,1.513889,landscape,12.551533,0.414682,231.554363,71.03134,2.192859,0.108687,0.08774,0.126944,
legacy-test:test1:121,sha256:eb56ece038943351f703b6a905d4b1104c2f8467a293013c57e7be4681baa66d,122,TEST1.DAT,121,122,TEST1.DAT:4,Электромагнитное поле,images/TEST1_121.jpg,eb56ece038943351f703b6a905d4b1104c2f8467a293013c57e7be4681baa66d,49998,612,380,1.610526,landscape,12.356904,0.476561,237.59923,50.640208,3.169909,0.162896,0.036025,0.178754,
legacy-test:test1:122,sha256:8c782ece7ecd1a00bed7201c400ac46a4045daff4eef4c236b10df6eca7a4cbd,123,TEST1.DAT,122,123,TEST1.DAT:4,Электромагнитное поле,images/TEST1_122.jpg,8c782ece7ecd1a00bed7201c400ac46a4045daff4eef4c236b10df6eca7a4cbd,43039,612,331,1.848943,landscape,12.218851,0.614614,237.459837,53.395275,2.942147,0.151294,0.043027,0.170586,
legacy-test:test1:123,sha256:74dbaa9afb29b3cb62088f428de75e9886396f7cb8acdd23da7bf71f74bc75f4,124,TEST1.DAT,123,124,TEST1.DAT:4,Электромагнитное поле,images/TEST1_123.jpg,74dbaa9afb29b3cb62088f428de75e9886396f7cb8acdd23da7bf71f74bc75f4,33248,612,231,2.649351,landscape,11.85915,0.974315,235.954581,55.94878,3.113355,0.161277,0.047867,0.186857,
legacy-test:test1:124,sha256:d2183ce84b4465934972096a937b9ae835246186f1efb3dd03a91e7003e48e98,125,TEST1.DAT,124,125,TEST1.DAT:4,Электромагнитное поле,images/TEST1_124.jpg,d2183ce84b4465934972096a937b9ae835246186f1efb3dd03a91e7003e48e98,34397,612,216,2.833333,landscape,11.792011,1.041454,236.175873,55.913937,3.112911,0.156174,0.047877,0.207446,
legacy-test:test1:125,sha256:56f42550aeae3a9f6529f70e1c0855c455dedafc1596f94b7e0c94f8ba206462,126,TEST1.DAT,125,126,TEST1.DAT:4,Электромагнитное поле,images/TEST1_125.jpg,56f42550aeae3a9f6529f70e1c0855c455dedafc1596f94b7e0c94f8ba206462,28032,612,169,3.621302,landscape,11.546631,1.286834,235.938218,56.001689,3.13282,0.161223,0.047424,0.214568,
legacy-test:test1:126,sha256:fee7d3b89183a47b5d0579223de6ef6b2f49a431315db18571a2b5644c84166f,127,TEST1.DAT,126,127,TEST1.DAT:4,Электромагнитное поле,images/TEST1_126.jpg,fee7d3b89183a47b5d0579223de6ef6b2f49a431315db18571a2b5644c84166f,29757,612,204,3.0,landscape,11.734852,1.098612,237.487248,55.048216,2.879618,0.141148,0.046809,0.188695,
legacy-test:test1:127,sha256:076537171ffbecaa3ac2c63929fdbbd841001cc0fbc48cfa6c8dfe28166a63c9,128,TEST1.DAT,127,128,TEST1.DAT:4,Электромагнитное поле,images/TEST1_127.jpg,076537171ffbecaa3ac2c63929fdbbd841001cc0fbc48cfa6c8dfe28166a63c9,28827,612,204,3.0,landscape,11.734852,1.098612,237.825115,55.083146,2.578916,0.134307,0.046713,0.174363,
legacy-test:test1:128,sha256:2ca80833f2887a9f0fe2a82d06f77bdeebebf45bbcc35515800c04c9c53bdf4f,129,TEST1.DAT,128,129,TEST1.DAT:4,Электромагнитное поле,images/TEST1_128.jpg,2ca80833f2887a9f0fe2a82d06f77bdeebebf45bbcc35515800c04c9c53bdf4f,26380,612,168,3.642857,landscape,11.540696,1.292768,235.704102,57.816433,2.965921,0.150317,0.052122,0.201481,
legacy-test:test1:129,sha256:22d1b2c32759662e5edfc9769bb060d7811a513f7f7eda42031e89f159c3828d,130,TEST1.DAT,129,130,TEST1.DAT:4,Электромагнитное поле,images/TEST1_129.jpg,22d1b2c32759662e5edfc9769bb060d7811a513f7f7eda42031e89f159c3828d,33629,612,300,2.04,landscape,12.120515,0.71295,241.581841,48.336504,2.335502,0.107086,0.034357,0.143872,
legacy-test:test1:130,sha256:fae7945bd00d86a3612f1df31af96c515fdb261c768ac3e0a6f33850deb72c62,131,TEST1.DAT,130,131,TEST1.DAT:4,Электромагнитное поле,images/TEST1_130.jpg,fae7945bd00d86a3612f1df31af96c515fdb261c768ac3e0a6f33850deb72c62,36530,612,264,2.318182,landscape,11.992681,0.840783,238.71724,50.14095,3.093649,0.14639,0.036325,0.187843,
legacy-test:test1:131,sha256:e289fca7ea2bc6e67f613ee2159f191100367e7fce87ca06cb4a85c9d918f53d,132,TEST1.DAT,131,132,TEST1.DAT:4,Электромагнитное поле,images/TEST1_131.jpg,e289fca7ea2bc6e67f613ee2159f191100367e7fce87ca06cb4a85c9d918f53d,41865,612,276,2.217391,landscape,12.037133,0.796331,237.616185,51.470545,3.260182,0.156425,0.03831,0.189416,
legacy-test:test1:132,sha256:0f3ec7b1cde5cdf25374538e09c405e07a73786764d03063420f831b0c20968d,133,TEST1.DAT,132,133,TEST1.DAT:4,Электромагнитное поле,images/TEST1_132.jpg,0f3ec7b1cde5cdf25374538e09c405e07a73786764d03063420f831b0c20968d,43560,612,278,2.201439,landscape,12.044353,0.789111,236.517727,53.828657,3.35463,0.163898,0.043424,0.200986,
legacy-test:test1:133,sha256:086020a0f4ac9a294e008799292e6ad2fc05f7c552a6c3c17c79011711b1e4c2,134,TEST1.DAT,133,134,TEST1.DAT:4,Электромагнитное поле,images/TEST1_133.jpg,086020a0f4ac9a294e008799292e6ad2fc05f7c552a6c3c17c79011711b1e4c2,27295,612,182,3.362637,landscape,11.620739,1.212726,237.437747,52.20091,3.14522,0.155157,0.039709,0.19653,
legacy-test:test1:134,sha256:7c7dd902e2eb48438d4233bd6d4bbbf651f02626e06f4cc1ef49b72929420d08,135,TEST1.DAT,134,135,TEST1.DAT:4,Электромагнитное поле,images/TEST1_134.jpg,7c7dd902e2eb48438d4233bd6d4bbbf651f02626e06f4cc1ef49b72929420d08,22187,612,180,3.4,landscape,11.609689,1.223775,241.825127,46.293553,2.438912,0.115523,0.029993,0.159026,
legacy-test:test1:135,sha256:32708884f48dd40086005dd8188907ca56a156d1e6f8eaf3877f21f4a3030e82,136,TEST1.DAT,135,136,TEST1.DAT:4,Электромагнитное поле,images/TEST1_135.jpg,32708884f48dd40086005dd8188907ca56a156d1e6f8eaf3877f21f4a3030e82,29687,612,180,3.4,landscape,11.609689,1.223775,235.833751,55.774432,3.189002,0.163744,0.046777,0.209182,
legacy-test:test1:136,sha256:4b923dc749f05c45ff2bc27a6b82152ed3a1e924e395a11e5514fe8866e3961c,137,TEST1.DAT,136,137,TEST1.DAT:4,Электромагнитное поле,images/TEST1_136.jpg,4b923dc749f05c45ff2bc27a6b82152ed3a1e924e395a11e5514fe8866e3961c,46020,612,372,1.645161,landscape,12.335626,0.497838,238.44021,52.720852,2.795602,0.139803,0.042352,0.160722,
legacy-test:test1:137,sha256:b78f025795499b97e71648fd066066b522b8bd0321981bf8231cbfc6180c753b,138,TEST1.DAT,137,138,TEST1.DAT:4,Электромагнитное поле,images/TEST1_137.jpg,b78f025795499b97e71648fd066066b522b8bd0321981bf8231cbfc6180c753b,43104,612,372,1.645161,landscape,12.335626,0.497838,239.416039,52.022031,2.480514,0.125048,0.040911,0.147244,
legacy-test:test1:138,sha256:0feacad75e327494ca2ebf000fdff1eba38f55aaf237acfa622f0c13bb79a9cf,139,TEST1.DAT,138,139,TEST1.DAT:4,Электромагнитное поле,images/TEST1_138.jpg,0feacad75e327494ca2ebf000fdff1eba38f55aaf237acfa622f0c13bb79a9cf,40585,612,435,1.406897,landscape,12.492078,0.341386,240.617065,51.198046,2.112826,0.103212,0.040399,0.11614,
legacy-test:test1:139,sha256:4eecc53bfdeb888f4c4755b8237efd77e4c4866726367a5f61b0fbd7a68e8d06,140,TEST1.DAT,139,140,TEST1.DAT:4,Электромагнитное поле,images/TEST1_139.jpg,4eecc53bfdeb888f4c4755b8237efd77e4c4866726367a5f61b0fbd7a68e8d06,37053,612,372,1.645161,landscape,12.335626,0.497838,240.962405,48.868396,2.868119,0.116971,0.036835,0.130093,
legacy-test:test1:140,sha256:b3e1598be332b9a691c92a31d8445e66166416d433e0cfa005142c9fe7a5a0d0,141,TEST1.DAT,140,141,TEST1.DAT:4,Электромагнитное поле,images/TEST1_140.jpg,b3e1598be332b9a691c92a31d8445e66166416d433e0cfa005142c9fe7a5a0d0,43875,612,340,1.8,landscape,12.245678,0.587787,237.334953,53.993306,3.370429,0.156473,0.045002,0.173751,
legacy-test:test1:141,sha256:f2792b3a8f6ad032001b16a2b14f869f0baf4f72e474045adde447426b962716,142,TEST1.DAT,141,142,TEST1.DAT:4,Электромагнитное поле,images/TEST1_141.jpg,f2792b3a8f6ad032001b16a2b14f869f0baf4f72e474045adde447426b962716,39640,649,348,1.864943,landscape,12.327635,0.62323,237.488962,61.772509,1.963967,0.081899,0.064556,0.108272,
legacy-test:test1:142,sha256:408df6df750596bc45b9c8744e2756f81832dddeec06a251333aa74fcd791d2a,143,TEST1.DAT,142,143,TEST1.DAT:4,Электромагнитное поле,images/TEST1_142.jpg,408df6df750596bc45b9c8744e2756f81832dddeec06a251333aa74fcd791d2a,36718,612,276,2.217391,landscape,12.037133,0.796331,236.721399,57.182218,2.599342,0.134804,0.051613,0.168511,
legacy-test:test1:143,sha256:3c46618b25b466a22218a033d70fb655dcb920ff77fdb2cb97695de68ba5ba5a,144,TEST1.DAT,143,144,TEST1.DAT:4,Электромагнитное поле,images/TEST1_143.jpg,3c46618b25b466a22218a033d70fb655dcb920ff77fdb2cb97695de68ba5ba5a,35560,612,241,2.539419,landscape,11.901529,0.931935,236.096243,57.384038,2.872176,0.146693,0.052016,0.181494,
legacy-test:test1:144,sha256:066c99b99e85372f20fbe94c484b4294370fcc2227137c643834be7818b196e7,145,TEST1.DAT,144,145,TEST1.DAT:4,Электромагнитное поле,images/TEST1_144.jpg,066c99b99e85372f20fbe94c484b4294370fcc2227137c643834be7818b196e7,46263,612,436,1.40367,landscape,12.494375,0.33909,241.94431,48.154112,2.201031,0.10809,0.035149,0.131589,
legacy-test:test1:145,sha256:1abefb8dd2edd716a62b70759534e4838c941afc6e4880899fe9d826bc2211fc,146,TEST1.DAT,145,146,TEST1.DAT:4,Электромагнитное поле,images/TEST1_145.jpg,1abefb8dd2edd716a62b70759534e4838c941afc6e4880899fe9d826bc2211fc,36664,612,218,2.807339,landscape,11.801227,1.032237,234.23327,57.743852,3.451476,0.183269,0.051995,0.218852,
legacy-test:test1:146,sha256:4053d3f45575d1557f6ae66d2856995aaadf38d8a40d3a31d4581bdd36e50efa,147,TEST1.DAT,146,147,TEST1.DAT:4,Электромагнитное поле,images/TEST1_146.jpg,4053d3f45575d1557f6ae66d2856995aaadf38d8a40d3a31d4581bdd36e50efa,23791,612,216,2.833333,landscape,11.792011,1.041454,242.426198,45.928821,2.327006,0.104197,0.031084,0.135797,
legacy-test:test1:147,sha256:2505377538b8410e2f6ae97c64e4252e5cca09df9a1e149f6c1c6dd6bd3b9739,148,TEST1.DAT,147,148,TEST1.DAT:4,Электромагнитное поле,images/TEST1_147.jpg,2505377538b8410e2f6ae97c64e4252e5cca09df9a1e149f6c1c6dd6bd3b9739,24598,612,252,2.428571,landscape,11.946161,0.887303,243.848124,42.823725,2.218656,0.095997,0.025735,0.13,
legacy-test:test1:148,sha256:e0f197093684ad7c0b9df387f56b288023933b3732419e593d4022462c57be24,149,TEST1.DAT,148,149,TEST1.DAT:4,Электромагнитное поле,images/TEST1_148.jpg,e0f197093684ad7c0b9df387f56b288023933b3732419e593d4022462c57be24,27920,612,204,3.0,landscape,11.734852,1.098612,240.403226,49.346042,2.69035,0.126426,0.035667,0.177885,
legacy-test:test1:149,sha256:5740dc7520778ad7cc723a8ddae7e14ed734857190d736e79780c96d407f07bd,150,TEST1.DAT,149,150,TEST1.DAT:4,Электромагнитное поле,images/TEST1_149.jpg,5740dc7520778ad7cc723a8ddae7e14ed734857190d736e79780c96d407f07bd,42501,641,373,1.718499,landscape,12.384608,0.541451,241.271447,46.733232,2.976858,0.12639,0.03264,0.142153,
legacy-test:test1:150,sha256:80668057d52f31311f29a23fb1c8863f4c6d1d913ef21ad4d579b0eecec70b85,151,TEST1.DAT,150,151,TEST1.DAT:4,Электромагнитное поле,images/TEST1_150.jpg,80668057d52f31311f29a23fb1c8863f4c6d1d913ef21ad4d579b0eecec70b85,38146,612,288,2.125,landscape,12.079693,0.753772,234.775525,57.986688,3.44837,0.170252,0.053513,0.176184,
legacy-test:test1:151,sha256:7dc8964e9851f3c8263e60c740a00dde35b4a9cd9ae8020f864ae526066747ee,152,TEST1.DAT,151,152,TEST1.DAT:4,Электромагнитное поле,images/TEST1_151.jpg,7dc8964e9851f3c8263e60c740a00dde35b4a9cd9ae8020f864ae526066747ee,48316,612,467,1.310493,landscape,12.563062,0.270403,241.746358,46.062497,2.857958,0.121916,0.0317,0.137211,
legacy-test:test1:152,sha256:54a0dd089761478168c3321da704fdf5ec3b90927c2c5b441d2d8eb7ee8e6dc1,153,TEST1.DAT,152,153,TEST1.DAT:4,Электромагнитное поле,images/TEST1_152.jpg,54a0dd089761478168c3321da704fdf5ec3b90927c2c5b441d2d8eb7ee8e6dc1,26605,612,264,2.318182,landscape,11.992681,0.840783,243.422039,43.15525,2.368345,0.099252,0.025364,0.133031,
legacy-test:test1:153,sha256:ce681acedbb41725291a7914165c3189a86919b57367cc544abe99ff06828473,154,TEST1.DAT,153,154,TEST1.DAT:4,Электромагнитное поле,images/TEST1_153.jpg,ce681acedbb41725291a7914165c3189a86919b57367cc544abe99ff06828473,33650,612,336,1.821429,landscape,12.233843,0.599621,244.416847,40.862203,2.275869,0.097606,0.022317,0.126151,
legacy-test:test1:154,sha256:cc4d039293cea40b1f063c82101dd17f81e6d2087e28c79a76df8786897e0a67,155,TEST1.DAT,154,155,TEST1.DAT:4,Электромагнитное поле,images/TEST1_154.jpg,cc4d039293cea40b1f063c82101dd17f81e6d2087e28c79a76df8786897e0a67,33661,636,240,2.65,landscape,11.935837,0.97456,234.837808,65.996655,2.187988,0.096397,0.074613,0.136846,
legacy-test:test1:155,sha256:20eeb5015524b7589cdced969c68ecd5985833f194ea785f22a7bf256c5d3d5f,156,TEST1.DAT,155,156,TEST1.DAT:4,Электромагнитное поле,images/TEST1_155.jpg,20eeb5015524b7589cdced969c68ecd5985833f194ea785f22a7bf256c5d3d5f,23718,612,216,2.833333,landscape,11.792011,1.041454,243.452259,42.851822,2.396169,0.104273,0.024691,0.144094,
legacy-test:test1:156,sha256:77271b55b09e9952ae161c943390aa2463f5e0573583eca0277a37753c4cc2a0,157,TEST1.DAT,156,157,TEST1.DAT:4,Электромагнитное поле,images/TEST1_156.jpg,77271b55b09e9952ae161c943390aa2463f5e0573583eca0277a37753c4cc2a0,33289,625,252,2.480159,landscape,11.967181,0.908323,234.778654,66.130639,2.108766,0.095511,0.074902,0.128546,
legacy-test:test1:157,sha256:639037d218b2166455c5ffd478825ead25780a7536dccdf9e448dc7ed7358217,158,TEST1.DAT,157,158,TEST1.DAT:4,Электромагнитное поле,images/TEST1_157.jpg,639037d218b2166455c5ffd478825ead25780a7536dccdf9e448dc7ed7358217,28673,612,216,2.833333,landscape,11.792011,1.041454,236.746097,55.455208,3.300005,0.153512,0.048513,0.170775,
legacy-test:test1:158,sha256:3bc7d3cd241b5c196eff2ca1a3873f3309445c291e5afdd3ff2f015895886d86,159,TEST1.DAT,158,159,TEST1.DAT:4,Электромагнитное поле,images/TEST1_158.jpg,3bc7d3cd241b5c196eff2ca1a3873f3309445c291e5afdd3ff2f015895886d86,24530,612,192,3.1875,landscape,11.674228,1.159237,239.40311,50.901998,2.766811,0.13557,0.038484,0.170086,
legacy-test:test1:159,sha256:c94de578d0a41afbb98bbe98142202a2bc50d0f2fd12e27ef1c79ef6c56a034b,160,TEST1.DAT,159,160,TEST1.DAT:4,Электромагнитное поле,images/TEST1_159.jpg,c94de578d0a41afbb98bbe98142202a2bc50d0f2fd12e27ef1c79ef6c56a034b,39560,612,455,1.345055,landscape,12.53703,0.296435,245.135323,39.67059,2.205082,0.092882,0.021655,0.110701,
legacy-test:test1:160,sha256:37f855b54bb90e7ba9c9fd8eb878e7a909be3cac6bf627c472a74b90c607bf6b,161,TEST1.DAT,160,161,TEST1.DAT:5,Теория,images/TEST1_160.jpg,37f855b54bb90e7ba9c9fd8eb878e7a909be3cac6bf627c472a74b90c607bf6b,35274,612,264,2.318182,landscape,11.992681,0.840783,233.056465,64.942679,2.675174,0.142015,0.072638,0.166519,
legacy-test:test1:161,sha256:26af154bc5f119fc48b04dc859134bee142f6306b3b12431752cfec073bf6691,162,TEST1.DAT,161,162,TEST1.DAT:5,Теория,images/TEST1_161.jpg,26af154bc5f119fc48b04dc859134bee142f6306b3b12431752cfec073bf6691,25671,612,204,3.0,landscape,11.734852,1.098612,234.256648,63.213793,2.645282,0.13639,0.068523,0.154464,
legacy-test:test1:162,sha256:2948041f6b9450bc655c76f42d5d1c3b084425c47c8539583727e0b0deeedb33,163,TEST1.DAT,162,163,TEST1.DAT:5,Теория,images/TEST1_162.jpg,2948041f6b9450bc655c76f42d5d1c3b084425c47c8539583727e0b0deeedb33,29847,612,276,2.217391,landscape,12.037133,0.796331,237.745903,57.769253,2.264046,0.110957,0.055881,0.132793,
legacy-test:test1:163,sha256:c2204d4beb1deb837da41497555603174897b2fe823ee1ee6ac84743d554ad5d,164,TEST1.DAT,163,164,TEST1.DAT:5,Теория,images/TEST1_163.jpg,c2204d4beb1deb837da41497555603174897b2fe823ee1ee6ac84743d554ad5d,27472,612,216,2.833333,landscape,11.792011,1.041454,234.567296,62.942322,2.545545,0.130008,0.067425,0.154106,
legacy-test:test1:164,sha256:755285a00d8cab48b90648d90e4093adf732c0d1694075655901b9494531bcec,165,TEST1.DAT,164,165,TEST1.DAT:5,Теория,images/TEST1_164.jpg,755285a00d8cab48b90648d90e4093adf732c0d1694075655901b9494531bcec,34666,612,228,2.684211,landscape,11.846078,0.987387,230.205037,68.590773,2.967522,0.16261,0.081972,0.192028,
legacy-test:test1:165,sha256:7e9e7e88ab1d647a48320cb05f471d7da5e6ca73eb033d8e1c9b6e5e3c2936ab,166,TEST1.DAT,165,166,TEST1.DAT:5,Теория,images/TEST1_165.jpg,7e9e7e88ab1d647a48320cb05f471d7da5e6ca73eb033d8e1c9b6e5e3c2936ab,21242,612,180,3.4,landscape,11.609689,1.223775,235.948893,60.972317,2.394871,0.11978,0.063135,0.143424,
legacy-test:test1:166,sha256:9f36cac700b04c2f43506bedb8ec6196c9c3b0ffb6ad86d4ff7791f421a098d6,167,TEST1.DAT,166,167,TEST1.DAT:5,Теория,images/TEST1_166.jpg,9f36cac700b04c2f43506bedb8ec6196c9c3b0ffb6ad86d4ff7791f421a098d6,28804,612,216,2.833333,landscape,11.792011,1.041454,233.095792,65.038764,2.673524,0.139403,0.072622,0.165298,
legacy-test:test1:167,sha256:0eb6bc78ba3e3592850c3df4f6571cbcd550ab144ab872816a59d75c27055b05,168,TEST1.DAT,167,168,TEST1.DAT:5,Теория,images/TEST1_167.jpg,0eb6bc78ba3e3592850c3df4f6571cbcd550ab144ab872816a59d75c27055b05,28125,612,228,2.684211,landscape,11.846078,0.987387,234.990891,62.340547,2.498433,0.127064,0.066176,0.151792,
legacy-test:test1:168,sha256:507eeb63763ad2b20fe146cde2ee30e0353bf018374214c44ad10a39f663a638,169,TEST1.DAT,168,169,TEST1.DAT:5,Теория,images/TEST1_168.jpg,507eeb63763ad2b20fe146cde2ee30e0353bf018374214c44ad10a39f663a638,36730,612,228,2.684211,landscape,11.846078,0.987387,228.003798,71.714312,3.087065,0.174278,0.090973,0.202133,
legacy-test:test1:169,sha256:e0b5ff2e95ff9f9cdd1495245fc5ddafb0f56b1f3bc05343a1d57feb8484a993,170,TEST1.DAT,169,170,TEST1.DAT:5,Теория,images/TEST1_169.jpg,e0b5ff2e95ff9f9cdd1495245fc5ddafb0f56b1f3bc05343a1d57feb8484a993,32381,612,216,2.833333,landscape,11.792011,1.041454,229.65246,69.045211,3.068724,0.176024,0.084037,0.186387,
legacy-test:test1:170,sha256:6007b714c2462d34705ce15df997de95740db0d7494321a17eb45ca123913f1b,171,TEST1.DAT,170,171,TEST1.DAT:5,Теория,images/TEST1_170.jpg,6007b714c2462d34705ce15df997de95740db0d7494321a17eb45ca123913f1b,22277,612,192,3.1875,landscape,11.674228,1.159237,236.125434,60.760031,2.381249,0.117724,0.062815,0.141631,
legacy-test:test1:171,sha256:871ebb7956d45adb2b24da9490e71e8636e7c50d1709110d86aa898832d1e607,172,TEST1.DAT,171,172,TEST1.DAT:5,Теория,images/TEST1_171.jpg,871ebb7956d45adb2b24da9490e71e8636e7c50d1709110d86aa898832d1e607,38363,612,252,2.428571,landscape,11.946161,0.887303,229.784748,69.314565,2.955742,0.164008,0.083658,0.189161,
legacy-test:test1:172,sha256:61218baf3e8c5303c04d7d0c1a3426097d7f912014cf9dea3236fd6c74793083,173,TEST1.DAT,172,173,TEST1.DAT:5,Теория,images/TEST1_172.jpg,61218baf3e8c5303c04d7d0c1a3426097d7f912014cf9dea3236fd6c74793083,29524,612,228,2.684211,landscape,11.846078,0.987387,233.710053,64.191134,2.609187,0.136144,0.070878,0.160692,
legacy-test:test1:173,sha256:52076e48526afdd85e4e840600b11a21cbace700dfad8891b04376094ec2d3f2,174,TEST1.DAT,173,174,TEST1.DAT:5,Теория,images/TEST1_173.jpg,52076e48526afdd85e4e840600b11a21cbace700dfad8891b04376094ec2d3f2,31854,612,216,2.833333,landscape,11.792011,1.041454,230.726965,68.307225,2.883871,0.155403,0.081419,0.18317,
legacy-test:test1:174,sha256:770880f785487a455e73ddc0da1a386d6925a31a3601b07b7310fe43da5548c7,175,TEST1.DAT,174,175,TEST1.DAT:5,Теория,images/TEST1_174.jpg,770880f785487a455e73ddc0da1a386d6925a31a3601b07b7310fe43da5548c7,33133,612,372,1.645161,landscape,12.335626,0.497838,240.431487,53.103681,1.958719,0.095232,0.046902,0.10669,
legacy-test:test1:175,sha256:d4e6f5fd3e6e6ad3093d0181c7a69a96a36750448dc79e2a7090b261408e0d44,176,TEST1.DAT,175,176,TEST1.DAT:5,Теория,images/TEST1_175.jpg,d4e6f5fd3e6e6ad3093d0181c7a69a96a36750448dc79e2a7090b261408e0d44,33685,612,240,2.55,landscape,11.897371,0.936093,232.088392,66.223177,2.792194,0.149047,0.075837,0.175692,
legacy-test:test1:176,sha256:42dd3cef71f19c3850def3bf8317611326dd9ef0053a340ef46a3862120f3515,177,TEST1.DAT,176,177,TEST1.DAT:5,Теория,images/TEST1_176.jpg,42dd3cef71f19c3850def3bf8317611326dd9ef0053a340ef46a3862120f3515,29933,529,172,3.075581,landscape,11.418483,1.123494,221.721798,77.934615,3.545401,0.228722,0.110718,0.25418,
legacy-test:test1:177,sha256:4c8c3c2c281847f5a811848dd91883224ded07d57edb81877a4918d838c75ef5,178,TEST1.DAT,177,178,TEST1.DAT:5,Теория,images/TEST1_177.jpg,4c8c3c2c281847f5a811848dd91883224ded07d57edb81877a4918d838c75ef5,39372,529,258,2.050388,landscape,11.823948,0.718029,227.706071,73.506741,2.418503,0.155911,0.094262,0.18163,
legacy-test:test1:178,sha256:147b0aa190153e73c40eb0cc37530b79249725d6769da248e814240c8972fb4f,179,TEST1.DAT,178,179,TEST1.DAT:5,Теория,images/TEST1_178.jpg,147b0aa190153e73c40eb0cc37530b79249725d6769da248e814240c8972fb4f,31008,612,372,1.645161,landscape,12.335626,0.497838,241.71486,50.794843,1.775888,0.082885,0.042572,0.096978,
legacy-test:test1:179,sha256:700087840524fbf43f6b912a7cb0ef347b4556450519aad0af9bff81b51839ff,180,TEST1.DAT,179,180,TEST1.DAT:5,Теория,images/TEST1_179.jpg,700087840524fbf43f6b912a7cb0ef347b4556450519aad0af9bff81b51839ff,26489,613,372,1.647849,landscape,12.337259,0.499471,243.705564,46.77784,1.572699,0.068818,0.035643,0.084129,
legacy-test:test1:180,sha256:ba8bed107fdc79c737aa9fc9efded075f3eafb1ab8648365db57fb4afd9fff72,181,TEST1.DAT,180,181,TEST1.DAT:5,Теория,images/TEST1_180.jpg,ba8bed107fdc79c737aa9fc9efded075f3eafb1ab8648365db57fb4afd9fff72,26986,612,372,1.645161,landscape,12.335626,0.497838,243.452632,47.461761,1.574992,0.069559,0.036848,0.083217,
legacy-test:test1:181,sha256:4e6bea3bb1f10c7ec079832f309298cb88f3812670f23032b68224c7a70e7e3a,182,TEST1.DAT,181,182,TEST1.DAT:5,Теория,images/TEST1_181.jpg,4e6bea3bb1f10c7ec079832f309298cb88f3812670f23032b68224c7a70e7e3a,31187,612,372,1.645161,landscape,12.335626,0.497838,241.280611,51.759482,1.801434,0.084304,0.044214,0.099973,
legacy-test:test1:182,sha256:89de1ba9728e9cf40c8d764b10e85e4de4d01cda1ecc090d0cd32ba92873d994,183,TEST1.DAT,182,183,TEST1.DAT:5,Теория,images/TEST1_182.jpg,89de1ba9728e9cf40c8d764b10e85e4de4d01cda1ecc090d0cd32ba92873d994,31758,612,372,1.645161,landscape,12.335626,0.497838,241.194625,51.984496,1.816846,0.085626,0.044548,0.101161,
legacy-test:test1:183,sha256:e74100643aa2cb04bd7c5fe90dc186c151c68159bb80cb59346f27d7516261bb,184,TEST1.DAT,183,184,TEST1.DAT:5,Теория,images/TEST1_183.jpg,e74100643aa2cb04bd7c5fe90dc186c151c68159bb80cb59346f27d7516261bb,27524,612,372,1.645161,landscape,12.335626,0.497838,243.198226,47.951905,1.625772,0.072089,0.037771,0.089229,
legacy-test:test1:184,sha256:5a50bdc7d670680d22b7f3b4ec97eef806f3192dec5fe8061d157aae9eb4d2d4,185,TEST1.DAT,184,185,TEST1.DAT:5,Теория,images/TEST1_184.jpg,5a50bdc7d670680d22b7f3b4ec97eef806f3192dec5fe8061d157aae9eb4d2d4,27479,612,372,1.645161,landscape,12.335626,0.497838,243.355045,47.599633,1.5935,0.071289,0.036993,0.085432,
legacy-test:test1:185,sha256:e0cc13a32edc9828b465bf0d8daa8e975ac19b369216d02b9c1c6db798d33feb,186,TEST1.DAT,185,186,TEST1.DAT:5,Теория,images/TEST1_185.jpg,e0cc13a32edc9828b465bf0d8daa8e975ac19b369216d02b9c1c6db798d33feb,24569,612,372,1.645161,landscape,12.335626,0.497838,244.837853,44.229868,1.429153,0.061068,0.031749,0.07401,
legacy-test:test1:186,sha256:70648c2f1d183a79efe10b086cb352f9a90ac28fd9f349dca4dd61b45f834c10,187,TEST1.DAT,186,187,TEST1.DAT:5,Теория,images/TEST1_186.jpg,70648c2f1d183a79efe10b086cb352f9a90ac28fd9f349dca4dd61b45f834c10,31905,612,372,1.645161,landscape,12.335626,0.497838,241.124719,51.950854,1.840055,0.086676,0.044579,0.102951,
legacy-test:test1:187,sha256:64c27d8359d0726e20e7f28eb51f84d2cbe57748158edd19bb874e964f548292,188,TEST1.DAT,187,188,TEST1.DAT:5,Теория,images/TEST1_187.jpg,64c27d8359d0726e20e7f28eb51f84d2cbe57748158edd19bb874e964f548292,35242,612,372,1.645161,landscape,12.335626,0.497838,239.927283,54.115175,1.997751,0.095676,0.048765,0.115064,
legacy-test:test1:188,sha256:658013982ce7bdcda6d1256aaa8f746fb228e09c4900efc06a08585ce7c0c681,189,TEST1.DAT,188,189,TEST1.DAT:5,Теория,images/TEST1_188.jpg,658013982ce7bdcda6d1256aaa8f746fb228e09c4900efc06a08585ce7c0c681,26358,612,372,1.645161,landscape,12.335626,0.497838,244.137426,45.777519,1.549566,0.066581,0.033936,0.081276,
legacy-test:test1:189,sha256:812d2f99c7924da63f4fd7a4ef96e60cc2e013a7b4a2366ddb96ed7fa3262e99,190,TEST1.DAT,189,190,TEST1.DAT:5,Теория,images/TEST1_189.jpg,812d2f99c7924da63f4fd7a4ef96e60cc2e013a7b4a2366ddb96ed7fa3262e99,17475,612,372,1.645161,landscape,12.335626,0.497838,248.293964,35.385571,1.040521,0.037257,0.019972,0.049043,
legacy-test:test1:190,sha256:2a32e10bc9b8a259609ab995a21a31e364d9684b1db54a14611dc360f1fe4a41,191,TEST1.DAT,190,191,TEST1.DAT:5,Теория,images/TEST1_190.jpg,2a32e10bc9b8a259609ab995a21a31e364d9684b1db54a14611dc360f1fe4a41,38657,612,372,1.645161,landscape,12.335626,0.497838,238.811753,56.090528,2.143604,0.103925,0.052468,0.124993,
legacy-test:test1:191,sha256:4c3c896bf5008ea023b4f210f273c0d9808856f4626b112551ab2e72f9cf204a,192,TEST1.DAT,191,192,TEST1.DAT:5,Теория,images/TEST1_191.jpg,4c3c896bf5008ea023b4f210f273c0d9808856f4626b112551ab2e72f9cf204a,46372,612,372,1.645161,landscape,12.335626,0.497838,234.025937,63.882862,2.501949,0.134084,0.069524,0.153673,
legacy-test:test1:192,sha256:36ae6a563c6d5ebc5eabf04ff226e1e91014b980694ba159242bd742259e5c38,193,TEST1.DAT,192,193,TEST1.DAT:5,Теория,images/TEST1_192.jpg,36ae6a563c6d5ebc5eabf04ff226e1e91014b980694ba159242bd742259e5c38,29782,613,372,1.647849,landscape,12.337259,0.499471,241.990173,50.463592,1.712633,0.079658,0.041792,0.094068,
legacy-test:test1:193,sha256:4039384d4c26e78c47b6948ce66f607a617d21e807da7594cd47804029db2c8e,194,TEST1.DAT,193,194,TEST1.DAT:5,Теория,images/TEST1_193.jpg,4039384d4c26e78c47b6948ce66f607a617d21e807da7594cd47804029db2c8e,33086,613,372,1.647849,landscape,12.337259,0.499471,240.65534,52.879411,1.871503,0.089613,0.046151,0.104751,
legacy-test:test1:194,sha256:a64ce9e43e11626501d1397de56f454838a4ffe073dc7ce82303a083ad3a9396,195,TEST1.DAT,194,195,TEST1.DAT:5,Теория,images/TEST1_194.jpg,a64ce9e43e11626501d1397de56f454838a4ffe073dc7ce82303a083ad3a9396,36358,612,372,1.645161,landscape,12.335626,0.497838,239.082775,55.725309,2.039631,0.100328,0.051633,0.116659,
legacy-test:test1:195,sha256:c1a65bfec458b4bbd1a87e1811937be65a796902fe01a686813f46f458f9e534,196,TEST1.DAT,195,196,TEST1.DAT:5,Теория,images/TEST1_195.jpg,c1a65bfec458b4bbd1a87e1811937be65a796902fe01a686813f46f458f9e534,30752,613,372,1.647849,landscape,12.337259,0.499471,241.631545,51.130863,1.754525,0.082092,0.043033,0.097629,
legacy-test:test1:196,sha256:966a2b11a2340b015ae1bebc905f1913758cccd1b267d3e1e3872cc23614fd34,197,TEST1.DAT,196,197,TEST1.DAT:5,Теория,images/TEST1_196.jpg,966a2b11a2340b015ae1bebc905f1913758cccd1b267d3e1e3872cc23614fd34,31130,613,372,1.647849,landscape,12.337259,0.499471,241.488006,51.347555,1.771653,0.083386,0.043524,0.098319,
legacy-test:test1:197,sha256:857e630b0416b279988bbd46cb2d3ec9ac12b7a74ada772209a903849335ad3f,198,TEST1.DAT,197,198,TEST1.DAT:5,Теория,images/TEST1_197.jpg,857e630b0416b279988bbd46cb2d3ec9ac12b7a74ada772209a903849335ad3f,28841,613,372,1.647849,landscape,12.337259,0.499471,242.685216,48.927713,1.65918,0.075896,0.039191,0.090892,
legacy-test:test1:198,sha256:638e74a0fdff43ea3b806bc29a61b6c9a346771bab1f7eae6300cf0274b63343,199,TEST1.DAT,198,199,TEST1.DAT:5,Теория,images/TEST1_198.jpg,638e74a0fdff43ea3b806bc29a61b6c9a346771bab1f7eae6300cf0274b63343,39069,613,372,1.647849,landscape,12.337259,0.499471,238.002934,57.517676,2.154443,0.108395,0.055425,0.125811,
legacy-test:test1:199,sha256:6196c9e1eec8c7848d4d0cd77569e71cfc067f04674ae48e50932e41cd17618d,200,TEST1.DAT,199,200,TEST1.DAT:5,Теория,images/TEST1_199.jpg,6196c9e1eec8c7848d4d0cd77569e71cfc067f04674ae48e50932e41cd17618d,33041,612,372,1.645161,landscape,12.335626,0.497838,240.822519,52.64125,1.87355,0.08903,0.045774,0.106194,
legacy-test:test1:200,sha256:e91659c041e799327914150c11ac05a48dcaed3709f81f99a0d99786ad99497e,201,TEST1.DAT,200,201,TEST1.DAT:5,Теория,images/TEST1_200.jpg,e91659c041e799327914150c11ac05a48dcaed3709f81f99a0d99786ad99497e,30774,612,372,1.645161,landscape,12.335626,0.497838,241.706471,50.829111,1.776794,0.082587,0.042572,0.098077,
legacy-test:test1:201,sha256:1471389f8a3bedbe025cd7ad6b3a930ff5a83b0ef79a86fc515df19b8c8b62b4,202,TEST1.DAT,201,202,TEST1.DAT:5,Теория,images/TEST1_201.jpg,1471389f8a3bedbe025cd7ad6b3a930ff5a83b0ef79a86fc515df19b8c8b62b4,26185,612,372,1.645161,landscape,12.335626,0.497838,244.008543,46.254821,1.521231,0.066554,0.034863,0.081037,
legacy-test:test1:202,sha256:46a579bd59b9e032ead8595f2aad15f38dc47bc812617a4614b057351cbc3ec9,203,TEST1.DAT,202,203,TEST1.DAT:5,Теория,images/TEST1_202.jpg,46a579bd59b9e032ead8595f2aad15f38dc47bc812617a4614b057351cbc3ec9,41246,613,372,1.647849,landscape,12.337259,0.499471,236.997746,59.029459,2.267681,0.115714,0.058443,0.135117,
legacy-test:test1:203,sha256:5aa9d742bd6ca45764e6dbb006409cd83bf9f36d9f62f96cc2744538b29e9984,204,TEST1.DAT,203,204,TEST1.DAT:5,Теория,images/TEST1_203.jpg,5aa9d742bd6ca45764e6dbb006409cd83bf9f36d9f62f96cc2744538b29e9984,43091,612,372,1.645161,landscape,12.335626,0.497838,236.158018,60.4944,2.33906,0.120963,0.061841,0.139473,
legacy-test:test1:204,sha256:6279851b898bb2ad902fef7050cccdf6533e226496b9c6c053e759c805db1365,205,TEST1.DAT,204,205,TEST1.DAT:5,Теория,images/TEST1_204.jpg,6279851b898bb2ad902fef7050cccdf6533e226496b9c6c053e759c805db1365,44574,613,372,1.647849,landscape,12.337259,0.499471,235.629734,61.209359,2.407046,0.125568,0.063446,0.146455,
legacy-test:test1:205,sha256:c3a40163b36555559684503f7d04abacca11bf9e13d14705e688469f793acb33,206,TEST1.DAT,205,206,TEST1.DAT:5,Теория,images/TEST1_205.jpg,c3a40163b36555559684503f7d04abacca11bf9e13d14705e688469f793acb33,39885,613,372,1.647849,landscape,12.337259,0.499471,237.533973,58.21114,2.194258,0.11125,0.056566,0.129,
legacy-test:test1:206,sha256:f32cc4f7316a12ee7e843ddbef32daf5c14f6e294df898d6e0b30365a5c16e3c,207,TEST1.DAT,206,207,TEST1.DAT:5,Теория,images/TEST1_206.jpg,f32cc4f7316a12ee7e843ddbef32daf5c14f6e294df898d6e0b30365a5c16e3c,30785,613,372,1.647849,landscape,12.337259,0.499471,241.673924,51.021304,1.757413,0.082057,0.043015,0.097687,
legacy-test:test1:207,sha256:6730ba6ed911808a1374ca9d873577fc1ec4d179831fa95102524b0e71eae90a,208,TEST1.DAT,207,208,TEST1.DAT:5,Теория,images/TEST1_207.jpg,6730ba6ed911808a1374ca9d873577fc1ec4d179831fa95102524b0e71eae90a,42599,613,372,1.647849,landscape,12.337259,0.499471,236.237546,60.330868,2.345801,0.121183,0.06156,0.140341,
legacy-test:test1:208,sha256:7ebf255254fa91467afab4a2d295bf93e26e8fd23b9e641e493aab9d559d3162,209,TEST1.DAT,208,209,TEST1.DAT:5,Теория,images/TEST1_208.jpg,7ebf255254fa91467afab4a2d295bf93e26e8fd23b9e641e493aab9d559d3162,47134,613,372,1.647849,landscape,12.337259,0.499471,233.872717,63.973277,2.522768,0.135913,0.070072,0.155403,
legacy-test:test1:209,sha256:8d66f1da6874c9d22e0959fa2145cf29e8e6f336c62430b9edd056721a32f460,210,TEST1.DAT,209,210,TEST1.DAT:5,Теория,images/TEST1_209.jpg,8d66f1da6874c9d22e0959fa2145cf29e8e6f336c62430b9edd056721a32f460,42584,613,372,1.647849,landscape,12.337259,0.499471,236.656046,59.551714,2.329536,0.118565,0.059793,0.138572,
legacy-test:test1:210,sha256:a04ed3f887b58b0924a79e59ccac01f0a236f1eab214face2d1ca3a62d1ee81e,211,TEST1.DAT,210,211,TEST1.DAT:5,Теория,images/TEST1_210.jpg,a04ed3f887b58b0924a79e59ccac01f0a236f1eab214face2d1ca3a62d1ee81e,30303,613,372,1.647849,landscape,12.337259,0.499471,242.485629,49.435136,1.705243,0.07772,0.039989,0.093688,
legacy-test:test1:211,sha256:75f01ccd9abdd95e53ca573a4fec413319126eb6ad6b46840f7c1ac23c52c20f,212,TEST1.DAT,211,212,TEST1.DAT:5,Теория,images/TEST1_211.jpg,75f01ccd9abdd95e53ca573a4fec413319126eb6ad6b46840f7c1ac23c52c20f,38660,612,372,1.645161,landscape,12.335626,0.497838,238.327008,57.065874,2.134416,0.106279,0.054409,0.12459,
legacy-test:test1:212,sha256:5e5aab2c7f26f004732952cd98643f30ed7d098bb5aeaf4ccda1464b97ef6e87,213,TEST1.DAT,212,213,TEST1.DAT:5,Теория,images/TEST1_212.jpg,5e5aab2c7f26f004732952cd98643f30ed7d098bb5aeaf4ccda1464b97ef6e87,25827,613,372,1.647849,landscape,12.337259,0.499471,244.248553,45.722823,1.471582,0.064538,0.033946,0.078595,
legacy-test:test1:213,sha256:ec24379e82e4278c80b2a89904a6999679dd6c233964822b77c31ee41e141192,214,TEST1.DAT,213,214,TEST1.DAT:5,Теория,images/TEST1_213.jpg,ec24379e82e4278c80b2a89904a6999679dd6c233964822b77c31ee41e141192,27454,612,204,3.0,landscape,11.734852,1.098612,232.948473,65.226242,2.699988,0.141428,0.072624,0.168528,
legacy-test:test1:214,sha256:ed4e71b50d23e5b5946d594677eff279e6ce2d73698d0a820c667aa7e068bb05,215,TEST1.DAT,214,215,TEST1.DAT:5,Теория,images/TEST1_214.jpg,ed4e71b50d23e5b5946d594677eff279e6ce2d73698d0a820c667aa7e068bb05,32434,612,228,2.684211,landscape,11.846078,0.987387,231.439808,66.517882,2.960706,0.165914,0.076496,0.177651,
legacy-test:test1:215,sha256:e3e0147e5c26977b19cc9d2a6248932aee3035a7663408ce858f9fcac41f28ba,216,TEST1.DAT,215,216,TEST1.DAT:5,Теория,images/TEST1_215.jpg,e3e0147e5c26977b19cc9d2a6248932aee3035a7663408ce858f9fcac41f28ba,34296,613,228,2.688596,landscape,11.847711,0.989019,231.054299,67.654459,2.904105,0.157337,0.078969,0.187825,
legacy-test:test1:216,sha256:7a2772b41ca8555add92f66c3a37057475ded872ee451ecf985fccb749eba5ae,217,TEST1.DAT,216,217,TEST1.DAT:5,Теория,images/TEST1_216.jpg,7a2772b41ca8555add92f66c3a37057475ded872ee451ecf985fccb749eba5ae,32037,529,209,2.5311,landscape,11.613323,0.928654,229.733559,69.408577,2.979798,0.165917,0.08399,0.211121,
legacy-test:test1:217,sha256:58158b008fc15213d4b5ab167f8406aa9d3cdaa04872937d34f699dcabd8aeb5,218,TEST1.DAT,217,218,TEST1.DAT:5,Теория,images/TEST1_217.jpg,58158b008fc15213d4b5ab167f8406aa9d3cdaa04872937d34f699dcabd8aeb5,28494,612,204,3.0,landscape,11.734852,1.098612,231.849625,67.020552,2.758332,0.145729,0.077574,0.174647,
legacy-test:test1:218,sha256:995f15448f50e0d03dc91f4536a2f0fe0d72d4dd5bc8a43967e56cd2a71d05d2,219,TEST1.DAT,218,219,TEST1.DAT:5,Теория,images/TEST1_218.jpg,995f15448f50e0d03dc91f4536a2f0fe0d72d4dd5bc8a43967e56cd2a71d05d2,23107,613,192,3.192708,landscape,11.67586,1.16087,235.653064,61.322139,2.439318,0.121032,0.063673,0.147007,
legacy-test:test1:219,sha256:dfe5db526679e8aa5c6c10788bb7f67a961092104362a2583961ffbcb87bf704,220,TEST1.DAT,219,220,TEST1.DAT:5,Теория,images/TEST1_219.jpg,dfe5db526679e8aa5c6c10788bb7f67a961092104362a2583961ffbcb87bf704,35729,613,228,2.688596,landscape,11.847711,0.989019,228.849482,70.085327,3.151917,0.177957,0.08621,0.198818,
legacy-test:test1:220,sha256:ff15050a33c14bb4ab2f90e69511ebd755ede65a83ea2037e08cf435c51e97a2,221,TEST1.DAT,220,221,TEST1.DAT:5,Теория,images/TEST1_220.jpg,ff15050a33c14bb4ab2f90e69511ebd755ede65a83ea2037e08cf435c51e97a2,32668,612,252,2.428571,landscape,11.946161,0.887303,233.387501,64.757308,2.601598,0.137547,0.071805,0.160236,
legacy-test:test1:221,sha256:1ed6c095546aa68d68234be7ebc0644fa04127dcad199cedcf5cf6471ace5ad7,222,TEST1.DAT,221,222,TEST1.DAT:5,Теория,images/TEST1_221.jpg,1ed6c095546aa68d68234be7ebc0644fa04127dcad199cedcf5cf6471ace5ad7,22609,613,204,3.004902,landscape,11.736485,1.100245,236.914532,59.102166,2.414196,0.117719,0.058824,0.13675,
legacy-test:test1:222,sha256:2b321c45222cc57a957febd48bea37458b259f3019c6449eb5c9e8fe580b7694,223,TEST1.DAT,222,223,TEST1.DAT:5,Теория,images/TEST1_222.jpg,2b321c45222cc57a957febd48bea37458b259f3019c6449eb5c9e8fe580b7694,24172,612,204,3.0,landscape,11.734852,1.098612,235.711033,61.328893,2.430072,0.120146,0.063774,0.145885,
legacy-test:test1:223,sha256:d3340c9bce2f320150d65c9556708ab519d7edf2bb995f56ca4925b8fe315b6f,224,TEST1.DAT,223,224,TEST1.DAT:5,Теория,images/TEST1_223.jpg,d3340c9bce2f320150d65c9556708ab519d7edf2bb995f56ca4925b8fe315b6f,37288,613,264,2.32197,landscape,11.994314,0.842416,231.571494,67.254142,2.752223,0.149624,0.078328,0.17318,
legacy-test:test1:224,sha256:814d44b3da471547c7964e8fe403064972cb39a78d251dbfcb2562929a999d7a,225,TEST1.DAT,224,225,TEST1.DAT:5,Теория,images/TEST1_224.jpg,814d44b3da471547c7964e8fe403064972cb39a78d251dbfcb2562929a999d7a,33118,612,288,2.125,landscape,12.079693,0.753772,237.810934,57.887014,2.316743,0.112859,0.056106,0.142096,
legacy-test:test1:225,sha256:59cc0fb666406b9b5542d2238dd31cd29941c4fe2d3f432eb6b1594b09c4693a,226,TEST1.DAT,225,226,TEST1.DAT:5,Теория,images/TEST1_225.jpg,59cc0fb666406b9b5542d2238dd31cd29941c4fe2d3f432eb6b1594b09c4693a,29046,613,180,3.405556,landscape,11.611322,1.225408,228.491572,71.075245,3.069825,0.1705,0.088409,0.202735,
legacy-test:test1:226,sha256:6f7ab5b90073f6abeb82e8edafec0246eea8a7ea73c01f1b4678bc4259a93a0e,227,TEST1.DAT,226,227,TEST1.DAT:5,Теория,images/TEST1_226.jpg,6f7ab5b90073f6abeb82e8edafec0246eea8a7ea73c01f1b4678bc4259a93a0e,41955,613,324,1.891975,landscape,12.199108,0.637621,234.516832,62.763349,2.582858,0.135702,0.067035,0.161247,
legacy-test:test1:227,sha256:098b1fdcac8d2e1574970a30b3f4c47dedb613b6ac67bed1b3c831a661bda29b,228,TEST1.DAT,227,228,TEST1.DAT:5,Теория,images/TEST1_227.jpg,098b1fdcac8d2e1574970a30b3f4c47dedb613b6ac67bed1b3c831a661bda29b,38623,613,264,2.32197,landscape,11.994314,0.842416,230.473578,67.987281,2.973345,0.166123,0.080516,0.181913,
legacy-test:test1:228,sha256:c5f8e6c7c5dd20727a46e57ba731bf5bb81aaf41d4280e37c6a2c5ee1ad822b0,229,TEST1.DAT,228,229,TEST1.DAT:5,Теория,images/TEST1_228.jpg,c5f8e6c7c5dd20727a46e57ba731bf5bb81aaf41d4280e37c6a2c5ee1ad822b0,34328,613,264,2.32197,landscape,11.994314,0.842416,233.990076,63.65547,2.588328,0.135548,0.069047,0.160324,
legacy-test:test1:229,sha256:0be1acedc4b8aa6f0c476c3a61f56796329ad008bcd1d5b5d23b9a811b526ea5,230,TEST1.DAT,229,230,TEST1.DAT:5,Теория,images/TEST1_229.jpg,0be1acedc4b8aa6f0c476c3a61f56796329ad008bcd1d5b5d23b9a811b526ea5,36598,613,252,2.43254,landscape,11.947794,0.888936,231.025616,67.721081,2.850409,0.155267,0.079229,0.181971,
legacy-test:test1:230,sha256:57a88dec5fe169ac74b6afcae2c76da6b5167cf06e2bc3d2d5d9040b96417ca6,231,TEST1.DAT,230,231,TEST1.DAT:5,Теория,images/TEST1_230.jpg,57a88dec5fe169ac74b6afcae2c76da6b5167cf06e2bc3d2d5d9040b96417ca6,43116,613,276,2.221014,landscape,12.038766,0.797964,228.982298,70.34727,2.995274,0.168889,0.086377,0.19321,
legacy-test:test1:231,sha256:b33380fcded4febf84c97435cf00c9216edf6293d0000510fc69913043ac2f54,232,TEST1.DAT,231,232,TEST1.DAT:5,Теория,images/TEST1_231.jpg,b33380fcded4febf84c97435cf00c9216edf6293d0000510fc69913043ac2f54,42021,613,300,2.043333,landscape,12.122147,0.714582,231.574932,66.877648,2.829189,0.157667,0.077673,0.172519,
legacy-test:test1:232,sha256:a15cd95f3afe81ee59a335604d189f9d6d72c5cbe020b8df15167d7adf22f08e,233,TEST1.DAT,232,233,TEST1.DAT:5,Теория,images/TEST1_232.jpg,a15cd95f3afe81ee59a335604d189f9d6d72c5cbe020b8df15167d7adf22f08e,41976,613,288,2.128472,landscape,12.081325,0.755404,230.886946,67.788292,2.865714,0.157168,0.079555,0.183661,
legacy-test:test1:233,sha256:d4b2323146f236ceb53f1fa2da0bee2c142003b9e686263fb90c1d1aa97e3a0b,234,TEST1.DAT,233,234,TEST1.DAT:5,Теория,images/TEST1_233.jpg,d4b2323146f236ceb53f1fa2da0bee2c142003b9e686263fb90c1d1aa97e3a0b,29569,612,204,3.0,landscape,11.734852,1.098612,230.853486,67.320868,3.027045,0.169094,0.078928,0.183193,
legacy-test:test1:234,sha256:6df6ea6f5182c29e6e13bb87a1fd815c2b930a7ec1286e3279a34770245e6528,235,TEST1.DAT,234,235,TEST1.DAT:5,Теория,images/TEST1_234.jpg,6df6ea6f5182c29e6e13bb87a1fd815c2b930a7ec1286e3279a34770245e6528,21950,612,192,3.1875,landscape,11.674228,1.159237,236.461303,60.040508,2.385093,0.116719,0.061215,0.142114,
legacy-test:test1:235,sha256:0e5e2400addca28b1e3ba44ab02e7a3bdca8385bac58bfc157da7cba7cc414dc,236,TEST1.DAT,235,236,TEST1.DAT:5,Теория,images/TEST1_235.jpg,0e5e2400addca28b1e3ba44ab02e7a3bdca8385bac58bfc157da7cba7cc414dc,31502,613,228,2.688596,landscape,11.847711,0.989019,232.417776,65.838597,2.747397,0.145774,0.074862,0.17232,
legacy-test:test1:236,sha256:022b153dbfc79984a2fd3b985e164cd1018d135320b72abfedc52a2f71dd82ea,237,TEST1.DAT,236,237,TEST1.DAT:5,Теория,images/TEST1_236.jpg,022b153dbfc79984a2fd3b985e164cd1018d135320b72abfedc52a2f71dd82ea,30270,613,228,2.688596,landscape,11.847711,0.989019,233.462301,64.653665,2.607012,0.136917,0.071528,0.159777,
legacy-test:test1:237,sha256:94b39cdacb8d9852c5386f20c617c2c3786bd597fa23682ffd5d0cfdf6ce8fd0,238,TEST1.DAT,237,238,TEST1.DAT:5,Теория,images/TEST1_237.jpg,94b39cdacb8d9852c5386f20c617c2c3786bd597fa23682ffd5d0cfdf6ce8fd0,30958,613,192,3.192708,landscape,11.67586,1.16087,228.090215,71.519677,3.109992,0.173455,0.090394,0.204445,
legacy-test:test1:238,sha256:0bf87cf6f5d10fe207c7547fad5cfd6fd9f0756ce3595944618b5f2f049e38fe,239,TEST1.DAT,238,239,TEST1.DAT:5,Теория,images/TEST1_238.jpg,0bf87cf6f5d10fe207c7547fad5cfd6fd9f0756ce3595944618b5f2f049e38fe,13546,612,216,2.833333,landscape,11.792011,1.041454,246.2103,41.482663,1.367325,0.049141,0.028073,0.070768,
legacy-test:test1:239,sha256:75afcbfebcbfefba9e93ac13179994943eb00a59aff1d88f71ad4d850f3bd653,240,TEST1.DAT,239,240,TEST1.DAT:5,Теория,images/TEST1_239.jpg,75afcbfebcbfefba9e93ac13179994943eb00a59aff1d88f71ad4d850f3bd653,21915,612,240,2.55,landscape,11.897371,0.936093,240.602567,53.145828,1.952416,0.089297,0.047059,0.110931,
legacy-test:test1:240,sha256:d6109a41fb26f520a066cd1d02c6a22a401ab394f93725a643bc838a93ab5c22,241,TEST1.DAT,240,241,TEST1.DAT:5,Теория,images/TEST1_240.jpg,d6109a41fb26f520a066cd1d02c6a22a401ab394f93725a643bc838a93ab5c22,35371,612,240,2.55,landscape,11.897371,0.936093,230.505678,68.393406,2.895265,0.158939,0.081311,0.184378,
legacy-test:test1:241,sha256:c416ab0ebd09fba2a92d008a2d8eafa7f00944aa04003559bc96f4d583c9751f,242,TEST1.DAT,241,242,TEST1.DAT:5,Теория,images/TEST1_241.jpg,c416ab0ebd09fba2a92d008a2d8eafa7f00944aa04003559bc96f4d583c9751f,34801,612,252,2.428571,landscape,11.946161,0.887303,232.156065,65.770521,2.869613,0.155968,0.074476,0.17343,
legacy-test:test1:242,sha256:fe51f77e57a173da85eb441d298015ddd763fb19aba83388167aee7a882e0ecd,243,TEST1.DAT,242,243,TEST1.DAT:5,Теория,images/TEST1_242.jpg,fe51f77e57a173da85eb441d298015ddd763fb19aba83388167aee7a882e0ecd,42926,612,288,2.125,landscape,12.079693,0.753772,230.013231,68.702448,3.036324,0.170763,0.082584,0.187734,
legacy-test:test1:243,sha256:c5299b891c2a84979df3b3838af32706e0e602af8e2ca992609ca283c2b85a96,244,TEST1.DAT,243,244,TEST1.DAT:5,Теория,images/TEST1_243.jpg,c5299b891c2a84979df3b3838af32706e0e602af8e2ca992609ca283c2b85a96,41411,612,276,2.217391,landscape,12.037133,0.796331,230.337075,68.675624,2.927187,0.161504,0.082428,0.187448,
legacy-test:test1:244,sha256:6da7d0114223afb9d5eba4671297dec99b8bba33518a56c73ede493e83425927,245,TEST1.DAT,244,245,TEST1.DAT:5,Теория,images/TEST1_244.jpg,6da7d0114223afb9d5eba4671297dec99b8bba33518a56c73ede493e83425927,35117,612,252,2.428571,landscape,11.946161,0.887303,231.796834,66.938532,2.741092,0.149341,0.077394,0.173043,
legacy-test:test1:245,sha256:87a665457026a8fcb97c54e7fc419a5c3ef0d5520d21854bc51e598431446c14,246,TEST1.DAT,245,246,TEST1.DAT:5,Теория,images/TEST1_245.jpg,87a665457026a8fcb97c54e7fc419a5c3ef0d5520d21854bc51e598431446c14,37773,612,288,2.125,landscape,12.079693,0.753772,233.541984,64.513401,2.605692,0.13759,0.07143,0.16053,
legacy-test:test1:246,sha256:a31a0b9261c8a1f3c5343240dd4f9c3e65e9c10782090e22748b230417457ba9,247,TEST1.DAT,246,247,TEST1.DAT:5,Теория,images/TEST1_246.jpg,a31a0b9261c8a1f3c5343240dd4f9c3e65e9c10782090e22748b230417457ba9,32022,612,228,2.684211,landscape,11.846078,0.987387,232.343632,65.974132,2.76212,0.147001,0.074827,0.173807,
legacy-test:test1:247,sha256:759969097174b5d172e068648582a0fb19797b556e81cb5a94f697f10f86fe07,248,TEST1.DAT,247,248,TEST1.DAT:5,Теория,images/TEST1_247.jpg,759969097174b5d172e068648582a0fb19797b556e81cb5a94f697f10f86fe07,32638,612,252,2.428571,landscape,11.946161,0.887303,234.271547,63.353776,2.561967,0.133643,0.068277,0.157593,
legacy-test:test1:248,sha256:1aede008239bf976d8a0d403a81ff93bf90e9f82cc8bc3e01f9f7f0ab818bdb2,249,TEST1.DAT,248,249,TEST1.DAT:5,Теория,images/TEST1_248.jpg,1aede008239bf976d8a0d403a81ff93bf90e9f82cc8bc3e01f9f7f0ab818bdb2,34143,612,228,2.684211,landscape,11.846078,0.987387,230.607478,68.177494,2.932141,0.159966,0.080804,0.188633,
legacy-test:test1:249,sha256:c4f031aabf4889f28c546299102be1c6758500d93593c5ba46aa32a6ed422d66,250,TEST1.DAT,249,250,TEST1.DAT:5,Теория,images/TEST1_249.jpg,c4f031aabf4889f28c546299102be1c6758500d93593c5ba46aa32a6ed422d66,28435,612,204,3.0,landscape,11.734852,1.098612,231.967737,66.6315,2.758828,0.146722,0.076725,0.173649,
legacy-test:test1:250,sha256:b8c610d9495ce0dd8a82d0355550fb9aec98950cd5eefba8053c990792fb493c,251,TEST1.DAT,250,251,TEST1.DAT:5,Теория,images/TEST1_250.jpg,b8c610d9495ce0dd8a82d0355550fb9aec98950cd5eefba8053c990792fb493c,35300,612,240,2.55,landscape,11.897371,0.936093,230.115244,68.212947,3.071721,0.17547,0.081427,0.185583,
legacy-test:test1:251,sha256:4005c5452c60620d255982177c997c786ccfa67e1fac4682e8dcf762ec5b9edb,252,TEST1.DAT,251,252,TEST1.DAT:5,Теория,images/TEST1_251.jpg,4005c5452c60620d255982177c997c786ccfa67e1fac4682e8dcf762ec5b9edb,46656,612,348,1.758621,landscape,12.268935,0.56453,233.453168,64.419447,2.645582,0.141114,0.071182,0.164475,
legacy-test:test1:252,sha256:6562e539b7840cc4c2009feea2a65c34a609e8c304947c13e2034c9668c6594b,253,TEST1.DAT,252,253,TEST1.DAT:5,Теория,images/TEST1_252.jpg,6562e539b7840cc4c2009feea2a65c34a609e8c304947c13e2034c9668c6594b,23381,612,192,3.1875,landscape,11.674228,1.159237,234.732639,62.972157,2.486829,0.126047,0.067547,0.15107,
legacy-test:test1:253,sha256:5bed08069185565afb0d6967040254b0cabbf2829112b9d4d241761fcc71ce29,254,TEST1.DAT,253,254,TEST1.DAT:5,Теория,images/TEST1_253.jpg,5bed08069185565afb0d6967040254b0cabbf2829112b9d4d241761fcc71ce29,35506,612,264,2.318182,landscape,11.992681,0.840783,233.069222,64.688647,2.771857,0.148736,0.072223,0.165111,
legacy-test:test1:254,sha256:a1f5ba23fab985f1227042cb4142ef49b37abdb3f9dd839fecbc6d6117ed8fc2,255,TEST1.DAT,254,255,TEST1.DAT:5,Теория,images/TEST1_254.jpg,a1f5ba23fab985f1227042cb4142ef49b37abdb3f9dd839fecbc6d6117ed8fc2,37863,612,252,2.428571,landscape,11.946161,0.887303,230.240481,68.725165,2.933123,0.160695,0.081842,0.187967,
legacy-test:test1:255,sha256:a4773edae876fda15fa2d4b73f7350b11d89ead11b0fc59b7bd2d757c04eee39,256,TEST1.DAT,255,256,TEST1.DAT:5,Теория,images/TEST1_255.jpg,a4773edae876fda15fa2d4b73f7350b11d89ead11b0fc59b7bd2d757c04eee39,22959,612,204,3.0,landscape,11.734852,1.098612,237.051302,59.28739,2.315185,0.112553,0.059024,0.137827,
legacy-test:test1:256,sha256:9abfda8327d11aaedb9a050e3daa5f7d83e89eb0714a3a69ed23d197f9210830,257,TEST1.DAT,256,257,TEST1.DAT:5,Теория,images/TEST1_256.jpg,9abfda8327d11aaedb9a050e3daa5f7d83e89eb0714a3a69ed23d197f9210830,46941,612,372,1.645161,landscape,12.335626,0.497838,234.745116,62.761432,2.489447,0.130996,0.067007,0.153186,
legacy-test:test1:257,sha256:6c4559067573edd33dcc4fb345f0e86b3db63ff32515c6bafdf2855566f4fd20,258,TEST1.DAT,257,258,TEST1.DAT:5,Теория,images/TEST1_257.jpg,6c4559067573edd33dcc4fb345f0e86b3db63ff32515c6bafdf2855566f4fd20,34057,612,240,2.55,landscape,11.897371,0.936093,231.983231,66.257038,2.825424,0.151641,0.076171,0.178303,
legacy-test:test1:258,sha256:baaca72910087da9b6c6ed6324e9f75c68890a28adf9cae56ffba511f45f6997,259,TEST1.DAT,258,259,TEST1.DAT:5,Теория,images/TEST1_258.jpg,baaca72910087da9b6c6ed6324e9f75c68890a28adf9cae56ffba511f45f6997,39168,612,264,2.318182,landscape,11.992681,0.840783,230.55438,68.397806,2.877346,0.157977,0.081514,0.182199,
legacy-test:test1:259,sha256:2e2870c282fed6ae9810ef8a6d6598dd9cd71966547ace0cc649b9cedc9409db,260,TEST1.DAT,259,260,TEST1.DAT:5,Теория,images/TEST1_259.jpg,2e2870c282fed6ae9810ef8a6d6598dd9cd71966547ace0cc649b9cedc9409db,38059,612,264,2.318182,landscape,11.992681,0.840783,231.224085,67.568898,2.830256,0.153638,0.078896,0.17932,
legacy-test:test1:260,sha256:f77664eacba45051d0e094c4be470b82e3c1f0a6c89c89712b9048eff5b75c9f,261,TEST1.DAT,260,261,TEST1.DAT:5,Теория,images/TEST1_260.jpg,f77664eacba45051d0e094c4be470b82e3c1f0a6c89c89712b9048eff5b75c9f,42798,612,264,2.318182,landscape,11.992681,0.840783,228.317451,71.133408,3.089689,0.175183,0.088755,0.203085,
legacy-test:test1:261,sha256:31ccdfe2f8cb36887d289a7e095bed0404d18f6e6cdba259aaf5bc8948854227,262,TEST1.DAT,261,262,TEST1.DAT:5,Теория,images/TEST1_261.jpg,31ccdfe2f8cb36887d289a7e095bed0404d18f6e6cdba259aaf5bc8948854227,39681,612,264,2.318182,landscape,11.992681,0.840783,230.116323,68.533246,3.034298,0.170677,0.081668,0.186748,
legacy-test:test1:262,sha256:511fd78589b4f0a9e06bfd05ea171463e93d1fd71241cbd3b047749b94061188,263,TEST1.DAT,262,263,TEST1.DAT:5,Теория,images/TEST1_262.jpg,511fd78589b4f0a9e06bfd05ea171463e93d1fd71241cbd3b047749b94061188,23043,612,300,2.04,landscape,12.120515,0.71295,243.733208,47.008018,1.67337,0.069357,0.036149,0.092667,
legacy-test:test1:263,sha256:4938e35810558d304a92e42da82700bdbefd99e08cdae39a2eddb27db5833862,264,TEST1.DAT,263,264,TEST1.DAT:5,Теория,images/TEST1_263.jpg,4938e35810558d304a92e42da82700bdbefd99e08cdae39a2eddb27db5833862,16163,612,192,3.1875,landscape,11.674228,1.159237,241.584584,51.438529,1.826134,0.079138,0.043616,0.100535,
legacy-test:test1:264,sha256:f5de73a016e2b6a159786bc422498c19c88665e61b3f21d527c879703ee049e8,265,TEST1.DAT,264,265,TEST1.DAT:5,Теория,images/TEST1_264.jpg,f5de73a016e2b6a159786bc422498c19c88665e61b3f21d527c879703ee049e8,18284,612,156,3.923077,landscape,11.466588,1.366876,235.595085,61.259033,2.566551,0.125943,0.063935,0.146711,
legacy-test:test2:000,sha256:6cbd04f2033889c682910640100ef83e925fb3fa324ea88b5fa5972428924513,266,TEST2.DAT,0,1,TEST2.DAT:1,Эл. цепи постоянного тока,images/TEST2_000.jpg,6cbd04f2033889c682910640100ef83e925fb3fa324ea88b5fa5972428924513,9598,552,129,4.27907,landscape,11.17336,1.453736,240.418029,41.147426,3.038868,0.148424,0.017231,0.12418,
legacy-test:test2:001,sha256:6c119c24e60865865f0d171a6c93415212f8a177a6f88d2d3db044b2e37e4e8d,267,TEST2.DAT,1,2,TEST2.DAT:1,Эл. цепи постоянного тока,images/TEST2_001.jpg,6c119c24e60865865f0d171a6c93415212f8a177a6f88d2d3db044b2e37e4e8d,11074,545,136,4.007353,landscape,11.213441,1.388131,241.409889,46.481435,2.433502,0.109916,0.032906,0.113919,
legacy-test:test2:002,sha256:f64e77dc5d7ee3fc084577d64bcf1d6b0238522adacbd59d0aadb45758955b90,268,TEST2.DAT,2,3,TEST2.DAT:1,Эл. цепи постоянного тока,images/TEST2_002.jpg,f64e77dc5d7ee3fc084577d64bcf1d6b0238522adacbd59d0aadb45758955b90,22453,557,176,3.164773,landscape,11.493049,1.152081,234.102895,55.573999,3.503958,0.189989,0.047495,0.197888,
legacy-test:test2:003,sha256:489e010f1e984a705e1c4224cac3343cd8b60777fb6ee31dcb215ce99f07930c,269,TEST2.DAT,3,4,TEST2.DAT:1,Эл. цепи постоянного тока,images/TEST2_003.jpg,489e010f1e984a705e1c4224cac3343cd8b60777fb6ee31dcb215ce99f07930c,18235,552,178,3.101124,landscape,11.495332,1.131764,238.582539,49.825714,2.921513,0.146983,0.037423,0.152686,
legacy-test:test2:004,sha256:98913f10c799e9221dfa462ebf6f060f28192e63a06fee863b1624e36cfe9e23,270,TEST2.DAT,4,5,TEST2.DAT:1,Эл. цепи постоянного тока,images/TEST2_004.jpg,98913f10c799e9221dfa462ebf6f060f28192e63a06fee863b1624e36cfe9e23,21275,567,175,3.24,landscape,11.505145,1.175573,236.725029,50.62411,3.566017,0.185578,0.038327,0.175896,
legacy-test:test2:005,sha256:871a8297986b382e35db4f3bd7e60d8b36e3275886fcf3a8f0eec019fb251900,271,TEST2.DAT,5,6,TEST2.DAT:1,Эл. цепи постоянного тока,images/TEST2_005.jpg,871a8297986b382e35db4f3bd7e60d8b36e3275886fcf3a8f0eec019fb251900,21751,575,168,3.422619,landscape,11.478334,1.230406,235.226853,50.566299,3.844805,0.203913,0.038002,0.189869,
legacy-test:test2:006,sha256:ea153014b66543ab5de2b38385538e826924ea46a1da7c6820bf03ab51fd9534,272,TEST2.DAT,6,7,TEST2.DAT:1,Эл. цепи постоянного тока,images/TEST2_006.jpg,ea153014b66543ab5de2b38385538e826924ea46a1da7c6820bf03ab51fd9534,16955,563,195,2.887179,landscape,11.606279,1.06028,242.13245,42.391172,2.876528,0.133789,0.026497,0.121739,
legacy-test:test2:007,sha256:6e350b068135e64d86da7b68b109cf8b77857977810ac3847a47960e0d9dcad9,273,TEST2.DAT,7,8,TEST2.DAT:1,Эл. цепи постоянного тока,images/TEST2_007.jpg,6e350b068135e64d86da7b68b109cf8b77857977810ac3847a47960e0d9dcad9,27360,565,257,2.198444,landscape,11.885902,0.78775,239.371089,45.718825,3.367112,0.17341,0.030378,0.155358,
legacy-test:test2:008,sha256:0511d2c2fa75bfba820d7f82823e07099ad1219cb446c16c361cad4bfcf4e850,274,TEST2.DAT,8,9,TEST2.DAT:1,Эл. цепи постоянного тока,images/TEST2_008.jpg,0511d2c2fa75bfba820d7f82823e07099ad1219cb446c16c361cad4bfcf4e850,30605,564,212,2.660377,landscape,11.691641,0.978468,234.506482,50.740073,4.319225,0.241913,0.03802,0.219209,
legacy-test:test2:009,sha256:82588a5aac819643f8d6194c15627e8cb7dbd4e972ac626e262f08c1d8ec658e,275,TEST2.DAT,9,10,TEST2.DAT:1,Эл. цепи постоянного тока,images/TEST2_009.jpg,82588a5aac819643f8d6194c15627e8cb7dbd4e972ac626e262f08c1d8ec658e,13654,539,200,2.695,landscape,11.588033,0.991398,245.506939,36.142929,2.128046,0.099007,0.018228,0.098405,
legacy-test:test2:010,sha256:72d0cb843f79b85612c64131314cbe11a8a1f67735857af802be6686819d7438,276,TEST2.DAT,10,11,TEST2.DAT:1,Эл. цепи постоянного тока,images/TEST2_010.jpg,72d0cb843f79b85612c64131314cbe11a8a1f67735857af802be6686819d7438,18173,535,200,2.675,landscape,11.580584,0.983949,241.976121,41.902291,2.893755,0.141907,0.024327,0.139026,
legacy-test:test2:011,sha256:f5945ddbf06e9991a24af267e52d9e72f6194bce6dd1d7c28be77de0d5e7e99f,277,TEST2.DAT,11,12,TEST2.DAT:1,Эл. цепи постоянного тока,images/TEST2_011.jpg,f5945ddbf06e9991a24af267e52d9e72f6194bce6dd1d7c28be77de0d5e7e99f,26844,560,245,2.285714,landscape,11.829195,0.826679,239.502471,45.621945,3.238205,0.170671,0.029475,0.167249,
legacy-test:test2:012,sha256:924992d2803b1b9ebc1fe314691369d80af2ba5dd40edf8051cf44cf09dbc500,278,TEST2.DAT,12,13,TEST2.DAT:1,Эл. цепи постоянного тока,images/TEST2_012.jpg,924992d2803b1b9ebc1fe314691369d80af2ba5dd40edf8051cf44cf09dbc500,41162,567,327,1.733945,landscape,12.130319,0.550399,236.999094,46.289372,3.955589,0.215615,0.028035,0.203191,
legacy-test:test2:013,sha256:615e98b4f98f48d6bd1df2317ac1acbf2e09eb6dc3913c0e59b47df34bc662e9,279,TEST2.DAT,13,14,TEST2.DAT:1,Эл. цепи постоянного тока,images/TEST2_013.jpg,615e98b4f98f48d6bd1df2317ac1acbf2e09eb6dc3913c0e59b47df34bc662e9,26855,562,373,1.506702,landscape,12.25308,0.409923,245.067449,35.897037,2.410095,0.104453,0.017193,0.102796,
legacy-test:test2:014,sha256:da3a61a7d639ffb722e9abeaff3d5f34ba2cdd17d40c91225d3a6da09e237e96,280,TEST2.DAT,14,15,TEST2.DAT:1,Эл. цепи постоянного тока,images/TEST2_014.jpg,da3a61a7d639ffb722e9abeaff3d5f34ba2cdd17d40c91225d3a6da09e237e96,20613,567,210,2.7,landscape,11.687467,0.993252,239.606912,43.252521,3.401339,0.168388,0.026707,0.140231,
legacy-test:test2:015,sha256:faad70d36d2d4eed41a3cea04ae2d99625e28969179c7d3e9d0386455414e74d,281,TEST2.DAT,15,16,TEST2.DAT:1,Эл. цепи постоянного тока,images/TEST2_015.jpg,faad70d36d2d4eed41a3cea04ae2d99625e28969179c7d3e9d0386455414e74d,19242,548,232,2.362069,landscape,11.753013,0.859538,241.101576,41.385559,3.108408,0.136075,0.024415,0.121484,
legacy-test:test2:016,sha256:40b24a7a6fa2ec754895e91312efbcd45b03a38d450f65c68f4a51171f9bbf8e,282,TEST2.DAT,16,17,TEST2.DAT:1,Эл. цепи постоянного тока,images/TEST2_016.jpg,40b24a7a6fa2ec754895e91312efbcd45b03a38d450f65c68f4a51171f9bbf8e,21782,550,230,2.391304,landscape,11.747998,0.871839,240.420933,44.961056,3.031834,0.149249,0.0297,0.137878,
legacy-test:test2:017,sha256:da5b0192519746503ae40647f9f1e020f4f24ab0e1dcb45f6fee8e80b75fb7b9,283,TEST2.DAT,17,18,TEST2.DAT:1,Эл. цепи постоянного тока,images/TEST2_017.jpg,da5b0192519746503ae40647f9f1e020f4f24ab0e1dcb45f6fee8e80b75fb7b9,35492,542,351,1.54416,landscape,12.156052,0.43448,237.111952,47.285571,3.791607,0.189306,0.033289,0.155858,
legacy-test:test2:018,sha256:dfe141c362733b402a83bbad608414ec8ae7bb71d67414146e6e57f4658807fd,284,TEST2.DAT,18,19,TEST2.DAT:1,Эл. цепи постоянного тока,images/TEST2_018.jpg,dfe141c362733b402a83bbad608414ec8ae7bb71d67414146e6e57f4658807fd,22607,567,237,2.392405,landscape,11.808419,0.872299,238.802134,46.15528,3.465046,0.156088,0.032111,0.13498,
legacy-test:test2:019,sha256:4a62db576b18d8149430888bb0dae81cee648dc8327a3792d144b9379dcaa9dd,285,TEST2.DAT,19,20,TEST2.DAT:1,Эл. цепи постоянного тока,images/TEST2_019.jpg,4a62db576b18d8149430888bb0dae81cee648dc8327a3792d144b9379dcaa9dd,24345,577,210,2.747619,landscape,11.70495,1.010735,238.750986,47.524669,3.371779,0.16892,0.032698,0.169064,
legacy-test:test2:020,sha256:f0ba3fa1280957e46c1fdd35eb74520b1a5d8e1367ba6fd0d4bef928e2d40679,286,TEST2.DAT,20,21,TEST2.DAT:1,Эл. цепи постоянного тока,images/TEST2_020.jpg,f0ba3fa1280957e46c1fdd35eb74520b1a5d8e1367ba6fd0d4bef928e2d40679,20572,569,233,2.44206,landscape,11.794919,0.892842,242.991069,40.139659,2.725872,0.12825,0.022462,0.128122,
legacy-test:test2:021,sha256:c9392c298060f3fddc1d5b2f62d4df1ab7e460430ee8078a9162f5ec4cc551df,287,TEST2.DAT,21,22,TEST2.DAT:1,Эл. цепи постоянного тока,images/TEST2_021.jpg,c9392c298060f3fddc1d5b2f62d4df1ab7e460430ee8078a9162f5ec4cc551df,16463,557,187,2.97861,landscape,11.553674,1.091457,241.995075,42.657864,2.806147,0.12912,0.026037,0.129252,
legacy-test:test2:022,sha256:caa542ea9f81a6997f5c35b4bfc43fdbf2425fc0edc0f4274d80c3dec3bc9759,288,TEST2.DAT,22,23,TEST2.DAT:1,Эл. цепи постоянного тока,images/TEST2_022.jpg,caa542ea9f81a6997f5c35b4bfc43fdbf2425fc0edc0f4274d80c3dec3bc9759,20472,567,255,2.223529,landscape,11.881623,0.799096,243.523637,39.714738,2.572729,0.119978,0.02225,0.115128,
legacy-test:test2:023,sha256:a7994fc5ca0eab8c80b5431561950576a131a007e06270d41ac2612d42d74354,289,TEST2.DAT,23,24,TEST2.DAT:1,Эл. цепи постоянного тока,images/TEST2_023.jpg,a7994fc5ca0eab8c80b5431561950576a131a007e06270d41ac2612d42d74354,19503,537,240,2.2375,landscape,11.766637,0.805359,241.618032,41.256547,2.973278,0.135009,0.024542,0.121794,
legacy-test:test2:024,sha256:d0cd4f8e04ea800f589e499819383832637acbb4471d30946be3782f5612752c,290,TEST2.DAT,24,25,TEST2.DAT:1,Эл. цепи постоянного тока,images/TEST2_024.jpg,d0cd4f8e04ea800f589e499819383832637acbb4471d30946be3782f5612752c,24352,557,294,1.894558,landscape,12.006145,0.638985,243.967043,38.185221,2.54525,0.122773,0.020329,0.120937,
legacy-test:test2:025,sha256:fdd9db5019432171482aa0592cfac40d6b182dddd883db18231c94a0f085ecdd,291,TEST2.DAT,25,26,TEST2.DAT:1,Эл. цепи постоянного тока,images/TEST2_025.jpg,fdd9db5019432171482aa0592cfac40d6b182dddd883db18231c94a0f085ecdd,24749,572,257,2.225681,landscape,11.898215,0.800063,241.828168,41.939695,2.825105,0.14537,0.024462,0.142786,
legacy-test:test2:026,sha256:05e467cd6d15591357d5c2366539bc170bbfd0105242700b779d15a8c665d4af,292,TEST2.DAT,26,27,TEST2.DAT:1,Эл. цепи постоянного тока,images/TEST2_026.jpg,05e467cd6d15591357d5c2366539bc170bbfd0105242700b779d15a8c665d4af,34309,548,309,1.773463,landscape,12.039617,0.572934,237.675785,48.523208,3.424763,0.181171,0.034246,0.171344,
legacy-test:test2:027,sha256:96faf47520aad3b75ea3f49de110e3df6344d92a8385f07af95e85d02a8316ac,293,TEST2.DAT,27,28,TEST2.DAT:1,Эл. цепи постоянного тока,images/TEST2_027.jpg,96faf47520aad3b75ea3f49de110e3df6344d92a8385f07af95e85d02a8316ac,9182,552,133,4.150376,landscape,11.203897,1.423199,241.039038,40.564483,2.807097,0.139384,0.015991,0.116655,
legacy-test:test2:028,sha256:70fb5833f93d3286382eeeb7caf3c5ba7ebc4fd44af615c25ed5fd47b638bfde,294,TEST2.DAT,28,29,TEST2.DAT:1,Эл. цепи постоянного тока,images/TEST2_028.jpg,70fb5833f93d3286382eeeb7caf3c5ba7ebc4fd44af615c25ed5fd47b638bfde,15208,524,164,3.195122,landscape,11.361358,1.161625,240.978507,43.263813,3.055848,0.14512,0.025984,0.145972,
legacy-test:test2:029,sha256:1fe0ee0bd71752a2dc4ea9e9ca3ade0949e1a0f6fd1c612d19017feeb1666f97,295,TEST2.DAT,29,30,TEST2.DAT:1,Эл. цепи постоянного тока,images/TEST2_029.jpg,1fe0ee0bd71752a2dc4ea9e9ca3ade0949e1a0f6fd1c612d19017feeb1666f97,28114,525,268,1.958955,landscape,11.854385,0.672411,233.622516,49.202889,3.684342,0.214286,0.037818,0.168749,
legacy-test:test2:030,sha256:393bb0d25e995ed7c670b00e476567576f2320e67d44d69e194f89da5d5969a0,296,TEST2.DAT,30,31,TEST2.DAT:1,Эл. цепи постоянного тока,images/TEST2_030.jpg,393bb0d25e995ed7c670b00e476567576f2320e67d44d69e194f89da5d5969a0,18696,508,205,2.478049,landscape,11.553491,0.907471,237.177799,43.022113,3.277978,0.179201,0.027012,0.148474,
legacy-test:test2:031,sha256:7bd6b9c3faec467ed74289b22337f32c34c7b6649d7243740fc763f20f19d40b,297,TEST2.DAT,31,32,TEST2.DAT:1,Эл. цепи постоянного тока,images/TEST2_031.jpg,7bd6b9c3faec467ed74289b22337f32c34c7b6649d7243740fc763f20f19d40b,23634,538,215,2.502326,landscape,11.658497,0.917221,235.626757,50.272951,3.843599,0.195228,0.038437,0.16622,
legacy-test:test2:032,sha256:fd38c2865109afbeaa4df2f4f0228ce3972262ef50d06fe17676c9b01e0ec2be,298,TEST2.DAT,32,33,TEST2.DAT:1,Эл. цепи постоянного тока,images/TEST2_032.jpg,fd38c2865109afbeaa4df2f4f0228ce3972262ef50d06fe17676c9b01e0ec2be,31077,587,188,3.12234,landscape,11.611467,1.138583,209.461978,93.621477,2.973228,0.240422,0.173366,0.169029,
legacy-test:test2:033,sha256:205673b2ce320d5bc25c712719e36e26b300bdd4c2530c66140c0aade0e0dff9,299,TEST2.DAT,33,34,TEST2.DAT:1,Эл. цепи постоянного тока,images/TEST2_033.jpg,205673b2ce320d5bc25c712719e36e26b300bdd4c2530c66140c0aade0e0dff9,44126,603,277,2.176895,landscape,12.025935,0.7779,214.408667,88.781572,2.963601,0.230682,0.152606,0.165373,
legacy-test:test2:034,sha256:12545c841a8b3b3a8389a2639989f4a3ccec28a6d671f22ea36efe8417d4581a,300,TEST2.DAT,34,35,TEST2.DAT:1,Эл. цепи постоянного тока,images/TEST2_034.jpg,12545c841a8b3b3a8389a2639989f4a3ccec28a6d671f22ea36efe8417d4581a,27425,616,309,1.993528,landscape,12.156588,0.689906,234.317945,65.726466,1.80438,0.112092,0.075868,0.083481,
legacy-test:test2:035,sha256:9e1489cfe0e1f561b463f71769e4819481d811515389e8eadfe5b7106c01a96a,301,TEST2.DAT,35,36,TEST2.DAT:1,Эл. цепи постоянного тока,images/TEST2_035.jpg,9e1489cfe0e1f561b463f71769e4819481d811515389e8eadfe5b7106c01a96a,26949,599,303,1.976898,landscape,12.108994,0.681529,232.226059,69.004813,1.880213,0.120531,0.084117,0.087264,
legacy-test:test2:036,sha256:4d277aae3472bb5b825c148d0cae2d38269da3b3a1cfd84172efaf8aa126452e,302,TEST2.DAT,36,37,TEST2.DAT:1,Эл. цепи постоянного тока,images/TEST2_036.jpg,4d277aae3472bb5b825c148d0cae2d38269da3b3a1cfd84172efaf8aa126452e,27941,575,296,1.942568,landscape,12.044729,0.664011,231.16114,70.351955,2.032667,0.129459,0.087938,0.098159,
legacy-test:test2:037,sha256:15f5c42d63ec022e1e6a6116a4c7adcf52f4487ecee51d482c1168127698562d,303,TEST2.DAT,37,38,TEST2.DAT:1,Эл. цепи постоянного тока,images/TEST2_037.jpg,15f5c42d63ec022e1e6a6116a4c7adcf52f4487ecee51d482c1168127698562d,35443,595,283,2.102473,landscape,12.034008,0.743115,225.93054,76.582832,2.495734,0.172236,0.106945,0.131679,
legacy-test:test2:038,sha256:53e43e5ecee1616af34d477a58514833d8b8047ae36a8cbf881d298fe09cb536,304,TEST2.DAT,38,39,TEST2.DAT:1,Эл. цепи постоянного тока,images/TEST2_038.jpg,53e43e5ecee1616af34d477a58514833d8b8047ae36a8cbf881d298fe09cb536,22362,558,286,1.951049,landscape,11.980351,0.668367,235.430997,64.057884,1.716217,0.106449,0.071522,0.081391,
legacy-test:test2:039,sha256:540f781387b22886694aa30084b7ed1378fa64dbd5f6c7ba49d42b91de3c89e4,305,TEST2.DAT,39,40,TEST2.DAT:1,Эл. цепи постоянного тока,images/TEST2_039.jpg,540f781387b22886694aa30084b7ed1378fa64dbd5f6c7ba49d42b91de3c89e4,23589,564,290,1.944828,landscape,12.004935,0.665173,232.58238,68.65922,1.714784,0.114374,0.083242,0.081844,
legacy-test:test2:040,sha256:f54d60ea897e6fa4994e581bf25fdfa980fcaa3b3799352c3c4d1fd4ac553825,306,TEST2.DAT,40,41,TEST2.DAT:1,Эл. цепи постоянного тока,images/TEST2_040.jpg,f54d60ea897e6fa4994e581bf25fdfa980fcaa3b3799352c3c4d1fd4ac553825,22623,552,267,2.067416,landscape,11.900797,0.726299,233.782059,66.485232,1.935051,0.116363,0.07762,0.090285,
legacy-test:test2:041,sha256:962d64f2e4f99b5b57fa3ba81ca39d9e6ae275626dcf892a9f5a9c40c93fddd6,307,TEST2.DAT,41,42,TEST2.DAT:1,Эл. цепи постоянного тока,images/TEST2_041.jpg,962d64f2e4f99b5b57fa3ba81ca39d9e6ae275626dcf892a9f5a9c40c93fddd6,23994,501,264,1.897727,landscape,11.792555,0.640657,228.362903,73.940518,2.142362,0.14871,0.098689,0.107949,
legacy-test:test2:042,sha256:0cf8b02e386b30d6750a313efddcb3ba446e0e56661558072c3b6eb4aaf1e0ed,308,TEST2.DAT,42,43,TEST2.DAT:1,Эл. цепи постоянного тока,images/TEST2_042.jpg,0cf8b02e386b30d6750a313efddcb3ba446e0e56661558072c3b6eb4aaf1e0ed,26266,545,318,1.713836,landscape,12.062837,0.538734,234.448918,65.20521,1.84574,0.120472,0.07471,0.092029,
legacy-test:test2:043,sha256:b16287bfea5c8fe362a74c8fe4dfb72263ca1264a9b25a5ac6c9a156baac11e9,309,TEST2.DAT,43,44,TEST2.DAT:1,Эл. цепи постоянного тока,images/TEST2_043.jpg,b16287bfea5c8fe362a74c8fe4dfb72263ca1264a9b25a5ac6c9a156baac11e9,27651,556,303,1.834983,landscape,12.034501,0.607035,231.072245,70.553142,1.956539,0.129633,0.088403,0.095506,
legacy-test:test2:044,sha256:3f166d5ad73a6fa5dc100127a20f5862e93674759b38929e63bae3da520606ef,310,TEST2.DAT,44,45,TEST2.DAT:1,Эл. цепи постоянного тока,images/TEST2_044.jpg,3f166d5ad73a6fa5dc100127a20f5862e93674759b38929e63bae3da520606ef,22161,502,292,1.719178,landscape,11.895354,0.541846,233.367237,67.051693,1.84942,0.121057,0.079142,0.087876,
legacy-test:test2:045,sha256:57362f7179d50001207df90dbe8974cb1ae1e8d8065b217d3161460135526a8d,311,TEST2.DAT,45,46,TEST2.DAT:1,Эл. цепи постоянного тока,images/TEST2_045.jpg,57362f7179d50001207df90dbe8974cb1ae1e8d8065b217d3161460135526a8d,23109,514,305,1.685246,landscape,11.962535,0.521911,233.723825,66.837169,1.748332,0.111737,0.078453,0.084745,
legacy-test:test2:046,sha256:08fca3a41009606473a27be6c24e9569554e82f84293bee2480547d3d2fcaa14,312,TEST2.DAT,46,47,TEST2.DAT:1,Эл. цепи постоянного тока,images/TEST2_046.jpg,08fca3a41009606473a27be6c24e9569554e82f84293bee2480547d3d2fcaa14,34468,555,277,2.00361,landscape,11.942986,0.694951,223.314333,79.94372,2.552856,0.17938,0.117924,0.139622,
legacy-test:test2:047,sha256:69a434442ede79640134fedd9b580eedcfa04b646e25ed5b036d7d2689d03664,313,TEST2.DAT,47,48,TEST2.DAT:1,Эл. цепи постоянного тока,images/TEST2_047.jpg,69a434442ede79640134fedd9b580eedcfa04b646e25ed5b036d7d2689d03664,23045,552,278,1.985612,landscape,11.941169,0.685927,231.27185,70.479928,1.859264,0.121116,0.088305,0.086166,
legacy-test:test2:048,sha256:9fec301bde3a54f00638c2d15fd9f1447ec1a3076561f87a7252dd4fa02cfba6,314,TEST2.DAT,48,49,TEST2.DAT:1,Эл. цепи постоянного тока,images/TEST2_048.jpg,9fec301bde3a54f00638c2d15fd9f1447ec1a3076561f87a7252dd4fa02cfba6,23002,477,277,1.722022,landscape,11.791534,0.543499,230.150338,72.0648,1.957056,0.129669,0.092372,0.101428,
legacy-test:test2:049,sha256:915f4c67d96d95951c5603b4584850cb4979b8362001dfcc6942f513fb8fda7d,315,TEST2.DAT,49,50,TEST2.DAT:1,Эл. цепи постоянного тока,images/TEST2_049.jpg,915f4c67d96d95951c5603b4584850cb4979b8362001dfcc6942f513fb8fda7d,24699,545,276,1.974638,landscape,11.921187,0.680385,230.331452,71.627291,1.957635,0.132083,0.09151,0.097519,
legacy-test:test2:050,sha256:39965d5d28063959317b98ed390d85648a902f03c5f9b4f5b0f56484615c05b4,316,TEST2.DAT,50,51,TEST2.DAT:1,Эл. цепи постоянного тока,images/TEST2_050.jpg,39965d5d28063959317b98ed390d85648a902f03c5f9b4f5b0f56484615c05b4,30979,573,273,2.098901,landscape,11.960358,0.741414,224.84026,78.550773,2.225324,0.160622,0.113118,0.119225,
legacy-test:test2:051,sha256:417e03f0df57466a70967603ecfd7c566b40926ebe839a41dc318fb3c6b88292,317,TEST2.DAT,51,52,TEST2.DAT:1,Эл. цепи постоянного тока,images/TEST2_051.jpg,417e03f0df57466a70967603ecfd7c566b40926ebe839a41dc318fb3c6b88292,35458,562,366,1.535519,landscape,12.234135,0.428869,231.662918,69.457082,2.01458,0.133389,0.085638,0.105715,
legacy-test:test2:052,sha256:39ca2e222bba12dfb12502837b04130da3b17db66a46c21242d069b9df65b472,318,TEST2.DAT,52,53,TEST2.DAT:2,Эл. цепи синусоидального тока,images/TEST2_052.jpg,39ca2e222bba12dfb12502837b04130da3b17db66a46c21242d069b9df65b472,27209,548,248,2.209677,landscape,11.819704,0.792847,236.554377,51.861483,3.459882,0.186507,0.041022,0.17199,
legacy-test:test2:053,sha256:eabd3c658835cc02c5651730a7f02e5492f39b938af7fe6c999cb7a930342c35,319,TEST2.DAT,53,54,TEST2.DAT:2,Эл. цепи синусоидального тока,images/TEST2_053.jpg,eabd3c658835cc02c5651730a7f02e5492f39b938af7fe6c999cb7a930342c35,16944,469,117,4.008547,landscape,10.912777,1.388429,230.453702,58.728306,4.169084,0.260201,0.052995,0.271744,
legacy-test:test2:054,sha256:631ac34bcb0e6b60507bc4df9205011ce5491c4f8a12e07596cf206508549af7,320,TEST2.DAT,54,55,TEST2.DAT:2,Эл. цепи синусоидального тока,images/TEST2_054.jpg,631ac34bcb0e6b60507bc4df9205011ce5491c4f8a12e07596cf206508549af7,21950,539,155,3.477419,landscape,11.333141,1.24629,232.95205,56.908148,3.75938,0.23239,0.051182,0.227237,
legacy-test:test2:055,sha256:af9326e0f7ee64c082a0da887d8df7edca294f53f32816c1f3358043602994a9,321,TEST2.DAT,55,56,TEST2.DAT:2,Эл. цепи синусоидального тока,images/TEST2_055.jpg,af9326e0f7ee64c082a0da887d8df7edca294f53f32816c1f3358043602994a9,24269,533,198,2.691919,landscape,11.566788,0.990254,234.830936,53.430097,3.701905,0.225728,0.044043,0.198317,
legacy-test:test2:056,sha256:73c4a269bd65e143f1e902e99d7a6863835783306101a939eba96a9dd5dbff71,322,TEST2.DAT,56,57,TEST2.DAT:2,Эл. цепи синусоидального тока,images/TEST2_056.jpg,73c4a269bd65e143f1e902e99d7a6863835783306101a939eba96a9dd5dbff71,25645,528,186,2.83871,landscape,11.494843,1.04335,232.609472,56.025776,3.96091,0.255173,0.04857,0.229935,
legacy-test:test2:057,sha256:0481c15c1c9946ecbad2eb360a09776c5c5b57eb58785fb0c6856bba8b85f732,323,TEST2.DAT,57,58,TEST2.DAT:2,Эл. цепи синусоидального тока,images/TEST2_057.jpg,0481c15c1c9946ecbad2eb360a09776c5c5b57eb58785fb0c6856bba8b85f732,19174,533,184,2.896739,landscape,11.493457,1.063586,236.520383,52.672798,3.401946,0.182366,0.04304,0.16616,
legacy-test:test2:058,sha256:9ab53d651f33f362d74afe2162fc4b863bcc563c576ed3bdae8721c93bd00cba,324,TEST2.DAT,58,59,TEST2.DAT:2,Эл. цепи синусоидального тока,images/TEST2_058.jpg,9ab53d651f33f362d74afe2162fc4b863bcc563c576ed3bdae8721c93bd00cba,12592,520,119,4.369748,landscape,11.032952,1.474705,237.427198,51.583208,3.302986,0.176697,0.04108,0.164819,
legacy-test:test2:059,sha256:342ffffd4c197c0f687939a485581b60efbdf414ee7cbf7542adc9048696c1ee,325,TEST2.DAT,59,60,TEST2.DAT:2,Эл. цепи синусоидального тока,images/TEST2_059.jpg,342ffffd4c197c0f687939a485581b60efbdf414ee7cbf7542adc9048696c1ee,28271,515,264,1.950758,landscape,11.820116,0.668218,236.261084,52.670778,3.425657,0.197411,0.042932,0.177351,
legacy-test:test2:060,sha256:19269c531ba516fd59395d0ea98eb9bc74c0ac71a09f8cd0f37d11d52e98030f,326,TEST2.DAT,60,61,TEST2.DAT:2,Эл. цепи синусоидального тока,images/TEST2_060.jpg,19269c531ba516fd59395d0ea98eb9bc74c0ac71a09f8cd0f37d11d52e98030f,32664,525,217,2.419355,landscape,11.643296,0.883501,228.625306,62.327971,4.219035,0.267667,0.062998,0.249046,
legacy-test:test2:061,sha256:c933ff18cc780fde608f28b44ad2163175436b85fd292e4eea7f14a9c28ffb12,327,TEST2.DAT,61,62,TEST2.DAT:2,Эл. цепи синусоидального тока,images/TEST2_061.jpg,c933ff18cc780fde608f28b44ad2163175436b85fd292e4eea7f14a9c28ffb12,20701,518,178,2.910112,landscape,11.431759,1.068192,234.737614,55.055836,3.5237,0.205002,0.047059,0.191189,
legacy-test:test2:062,sha256:30f4a53c09fe170e480a5987c2134d236383d7eb8f21f0c0abb62e1c5dbab212,328,TEST2.DAT,62,63,TEST2.DAT:2,Эл. цепи синусоидального тока,images/TEST2_062.jpg,30f4a53c09fe170e480a5987c2134d236383d7eb8f21f0c0abb62e1c5dbab212,20663,550,173,3.179191,landscape,11.46321,1.156627,235.446842,53.986836,3.508766,0.197951,0.04516,0.185897,
legacy-test:test2:063,sha256:b519501ca59d8dbb624f3a3c2de453072201db814f0639bc3f3ff8cb4e3becdc,329,TEST2.DAT,63,64,TEST2.DAT:2,Эл. цепи синусоидального тока,images/TEST2_063.jpg,b519501ca59d8dbb624f3a3c2de453072201db814f0639bc3f3ff8cb4e3becdc,26417,489,215,2.274419,landscape,11.563001,0.821724,231.655338,59.245804,3.873167,0.232035,0.056052,0.214921,
legacy-test:test2:064,sha256:a21c63666bbabdf5f0707f2b6f267fd27bc733cc541a3ce091d7c017848408a0,330,TEST2.DAT,64,65,TEST2.DAT:2,Эл. цепи синусоидального тока,images/TEST2_064.jpg,a21c63666bbabdf5f0707f2b6f267fd27bc733cc541a3ce091d7c017848408a0,22688,487,196,2.484694,landscape,11.466379,0.910149,233.12269,56.818604,3.741996,0.229759,0.051167,0.205888,
legacy-test:test2:065,sha256:6b792e630ac4e3117050da8533572c879b6add936ce457e7ef52ae0e66b6ead8,331,TEST2.DAT,65,66,TEST2.DAT:2,Эл. цепи синусоидального тока,images/TEST2_065.jpg,6b792e630ac4e3117050da8533572c879b6add936ce457e7ef52ae0e66b6ead8,13714,541,138,3.92029,landscape,11.220673,1.366166,238.170364,50.024212,3.222426,0.181253,0.038522,0.158818,
legacy-test:test2:066,sha256:74187d6da291e4129a974cedf4e13d866303e60e6b3fdf4548039ec9a9b01be5,332,TEST2.DAT,66,67,TEST2.DAT:2,Эл. цепи синусоидального тока,images/TEST2_066.jpg,74187d6da291e4129a974cedf4e13d866303e60e6b3fdf4548039ec9a9b01be5,32849,520,255,2.039216,landscape,11.795092,0.712565,232.078582,58.189874,3.848358,0.241154,0.054201,0.21131,
legacy-test:test2:067,sha256:4fdcac251c6422b7bcf1c867aaabaf5d59f845e0468eaab53785a42a0afda9a3,333,TEST2.DAT,67,68,TEST2.DAT:2,Эл. цепи синусоидального тока,images/TEST2_067.jpg,4fdcac251c6422b7bcf1c867aaabaf5d59f845e0468eaab53785a42a0afda9a3,27714,541,199,2.718593,landscape,11.586724,1.000114,231.55085,58.241758,4.018116,0.24859,0.054032,0.226656,
legacy-test:test2:068,sha256:9c9548cdef3396f703054f36facd0df5e4d342c200b4daea9f4790072888e40b,334,TEST2.DAT,68,69,TEST2.DAT:2,Эл. цепи синусоидального тока,images/TEST2_068.jpg,9c9548cdef3396f703054f36facd0df5e4d342c200b4daea9f4790072888e40b,13117,467,126,3.706349,landscape,10.982611,1.310047,234.211686,56.139615,3.587619,0.210207,0.049641,0.185536,
legacy-test:test2:069,sha256:7940b4ad76834d41c674c82da0e8c9f9b0493b813441b0432a9da83d6a0a4309,335,TEST2.DAT,69,70,TEST2.DAT:2,Эл. цепи синусоидального тока,images/TEST2_069.jpg,7940b4ad76834d41c674c82da0e8c9f9b0493b813441b0432a9da83d6a0a4309,20142,521,165,3.157576,landscape,11.361696,1.149805,232.710789,57.675083,3.819407,0.221741,0.052219,0.206709,
legacy-test:test2:070,sha256:4ee417dd7ba487d34c01a0dfc2defe35ec6d00f0ab0b107f72f9c570697dbeb2,336,TEST2.DAT,70,71,TEST2.DAT:2,Эл. цепи синусоидального тока,images/TEST2_070.jpg,4ee417dd7ba487d34c01a0dfc2defe35ec6d00f0ab0b107f72f9c570697dbeb2,19649,532,184,2.891304,landscape,11.491579,1.061708,236.912032,51.339877,3.389461,0.197603,0.040199,0.173326,
legacy-test:test2:071,sha256:f8dfb3ed4217432eb78e53066edad29d26c551e282e6c5e38abfbe4315eda61b,337,TEST2.DAT,71,72,TEST2.DAT:2,Эл. цепи синусоидального тока,images/TEST2_071.jpg,f8dfb3ed4217432eb78e53066edad29d26c551e282e6c5e38abfbe4315eda61b,20933,551,179,3.078212,landscape,11.499121,1.124349,236.431861,51.277056,3.461071,0.214207,0.039664,0.182108,
legacy-test:test2:072,sha256:d3b1810994cf0afee43708c8dad412ab95e2eae7b2809ce802b9b331171d0df2,338,TEST2.DAT,72,73,TEST2.DAT:2,Эл. цепи синусоидального тока,images/TEST2_072.jpg,d3b1810994cf0afee43708c8dad412ab95e2eae7b2809ce802b9b331171d0df2,23002,544,186,2.924731,landscape,11.524696,1.073203,234.907999,54.127406,3.602909,0.221448,0.046114,0.199202,
legacy-test:test2:073,sha256:837ebc8c5477881a4916915fb489de6f90da0206ceb552274b8c8c8bef848ae1,339,TEST2.DAT,73,74,TEST2.DAT:2,Эл. цепи синусоидального тока,images/TEST2_073.jpg,837ebc8c5477881a4916915fb489de6f90da0206ceb552274b8c8c8bef848ae1,16427,378,163,2.319018,landscape,11.028644,0.841144,237.831873,44.317636,3.913945,0.224624,0.023095,0.236504,
legacy-test:test2:074,sha256:1ae3e819f71d4c8041257125ab792f9244a40f87c87e97d4bf00b180ed56d9e4,340,TEST2.DAT,74,75,TEST2.DAT:2,Эл. цепи синусоидального тока,images/TEST2_074.jpg,1ae3e819f71d4c8041257125ab792f9244a40f87c87e97d4bf00b180ed56d9e4,19811,520,203,2.561576,landscape,11.567035,0.940623,239.66115,45.110835,3.242095,0.16979,0.02896,0.164582,
legacy-test:test2:075,sha256:c283ecfb415e1b9150eff675bf81dc0311ee93b999cecb5611d7a6a1f478205e,341,TEST2.DAT,75,76,TEST2.DAT:2,Эл. цепи синусоидального тока,images/TEST2_075.jpg,c283ecfb415e1b9150eff675bf81dc0311ee93b999cecb5611d7a6a1f478205e,10532,534,147,3.632653,landscape,11.270828,1.289963,245.081442,36.507874,2.392516,0.105722,0.018765,0.105198,
legacy-test:test2:076,sha256:f5178b8acb9040b55cec8a52d13b651ac7931e766ab66a04b65fcc015e84169a,342,TEST2.DAT,76,77,TEST2.DAT:2,Эл. цепи синусоидального тока,images/TEST2_076.jpg,f5178b8acb9040b55cec8a52d13b651ac7931e766ab66a04b65fcc015e84169a,22930,522,178,2.932584,landscape,11.439451,1.075884,236.091136,48.058793,4.035224,0.226581,0.0319,0.222618,
legacy-test:test2:077,sha256:ffba40d2ad1d373498032a14810a00f8c0ef6cefb30e788c88d05ee5383ac2c6,343,TEST2.DAT,77,78,TEST2.DAT:2,Эл. цепи синусоидального тока,images/TEST2_077.jpg,ffba40d2ad1d373498032a14810a00f8c0ef6cefb30e788c88d05ee5383ac2c6,15247,516,110,4.690909,landscape,10.946587,1.545626,230.586751,56.238034,4.713807,0.254563,0.048573,0.230635,
legacy-test:test2:078,sha256:3aa0a8fc669fbd8b20e0ea73c72f58d6a0e662dc9bb6010e487003199e1e3121,344,TEST2.DAT,78,79,TEST2.DAT:2,Эл. цепи синусоидального тока,images/TEST2_078.jpg,3aa0a8fc669fbd8b20e0ea73c72f58d6a0e662dc9bb6010e487003199e1e3121,25333,513,145,3.537931,landscape,11.21701,1.263542,222.946817,62.444107,5.42,0.364106,0.062755,0.303272,
legacy-test:test2:079,sha256:6e8b0a0cbf2b40a1136751e0c9cd4c4f3ff267f18954de0f68fbc16e751da5c5,345,TEST2.DAT,79,80,TEST2.DAT:2,Эл. цепи синусоидального тока,images/TEST2_079.jpg,6e8b0a0cbf2b40a1136751e0c9cd4c4f3ff267f18954de0f68fbc16e751da5c5,26501,518,203,2.551724,landscape,11.563181,0.936769,231.018849,57.874598,4.39487,0.234827,0.053626,0.212571,
legacy-test:test2:080,sha256:5a0543e37f8f13ab1b926113a2fa4ca18af62e847cef79d964791969249575fc,346,TEST2.DAT,80,81,TEST2.DAT:2,Эл. цепи синусоидального тока,images/TEST2_080.jpg,5a0543e37f8f13ab1b926113a2fa4ca18af62e847cef79d964791969249575fc,21709,507,192,2.640625,landscape,11.486006,0.971016,235.227893,52.197692,3.953276,0.198872,0.040619,0.185149,
legacy-test:test2:081,sha256:671a7ce02a2eb3620b321349869ba69e8b047fb102303cf3a4ce49deb4ce2c16,347,TEST2.DAT,81,82,TEST2.DAT:2,Эл. цепи синусоидального тока,images/TEST2_081.jpg,671a7ce02a2eb3620b321349869ba69e8b047fb102303cf3a4ce49deb4ce2c16,19440,509,146,3.486301,landscape,11.216055,1.248841,231.853392,54.757124,4.598979,0.242512,0.045308,0.223428,
legacy-test:test2:082,sha256:0d6040b72e0751930066d358ca1c2af84229b248bfcc6e1c8b901cdad47ab56e,348,TEST2.DAT,82,83,TEST2.DAT:2,Эл. цепи синусоидального тока,images/TEST2_082.jpg,0d6040b72e0751930066d358ca1c2af84229b248bfcc6e1c8b901cdad47ab56e,17058,522,161,3.242236,landscape,11.339072,1.176263,237.973311,49.904171,3.324262,0.180636,0.037434,0.170005,
legacy-test:test2:083,sha256:bbdf13003992be56fc0c99f23daa1939b62cfdc6b6a44b6cde2e93be1c2d6263,349,TEST2.DAT,83,84,TEST2.DAT:2,Эл. цепи синусоидального тока,images/TEST2_083.jpg,bbdf13003992be56fc0c99f23daa1939b62cfdc6b6a44b6cde2e93be1c2d6263,16378,519,159,3.264151,landscape,11.320808,1.183,237.867149,50.480152,3.243214,0.17936,0.038839,0.167034,
legacy-test:test2:084,sha256:6ee68aeb738a55e23591b0d831111e65d0bb4001fb0bea36738499b21cc81ff5,350,TEST2.DAT,84,85,TEST2.DAT:2,Эл. цепи синусоидального тока,images/TEST2_084.jpg,6ee68aeb738a55e23591b0d831111e65d0bb4001fb0bea36738499b21cc81ff5,16098,527,157,3.356688,landscape,11.323446,1.210955,238.439188,49.424437,3.177261,0.173099,0.037201,0.161266,
legacy-test:test2:085,sha256:78ddf84dcd84db6bc78a4a902824fb4a835c5387e742ba83487f27376361c7a3,351,TEST2.DAT,85,86,TEST2.DAT:2,Эл. цепи синусоидального тока,images/TEST2_085.jpg,78ddf84dcd84db6bc78a4a902824fb4a835c5387e742ba83487f27376361c7a3,23141,541,221,2.447964,landscape,11.691582,0.895257,238.025267,50.047845,3.298299,0.170875,0.037663,0.157759,
legacy-test:test2:086,sha256:03b29171ea2be2ed0c29093a106a044eb56d15d5922bb6438cd9b1c71fe7cbee,352,TEST2.DAT,86,87,TEST2.DAT:2,Эл. цепи синусоидального тока,images/TEST2_086.jpg,03b29171ea2be2ed0c29093a106a044eb56d15d5922bb6438cd9b1c71fe7cbee,16766,529,186,2.844086,landscape,11.496735,1.045242,241.054261,45.078775,2.781687,0.152987,0.030215,0.139201,
legacy-test:test2:087,sha256:e66d45be520dc0d880fc29d687f70cf459f09cd74fe9e52581f65fe98523d859,353,TEST2.DAT,87,88,TEST2.DAT:2,Эл. цепи синусоидального тока,images/TEST2_087.jpg,e66d45be520dc0d880fc29d687f70cf459f09cd74fe9e52581f65fe98523d859,22090,552,197,2.80203,landscape,11.596752,1.030344,237.045069,51.346466,3.508848,0.184608,0.040545,0.166956,
legacy-test:test2:088,sha256:95b51d2a118b05b429621ad2ebafa69ca733719ddf004fdcf378775e44a4dbe1,354,TEST2.DAT,88,89,TEST2.DAT:2,Эл. цепи синусоидального тока,images/TEST2_088.jpg,95b51d2a118b05b429621ad2ebafa69ca733719ddf004fdcf378775e44a4dbe1,24803,506,166,3.048193,landscape,11.338524,1.114549,230.619518,56.173034,4.465922,0.277168,0.047395,0.261881,
legacy-test:test2:089,sha256:0b1a689bada0be228bcdc894cdf911b11934a4bf9710b9ad9dd3dee46d309d58,355,TEST2.DAT,89,90,TEST2.DAT:2,Эл. цепи синусоидального тока,images/TEST2_089.jpg,0b1a689bada0be228bcdc894cdf911b11934a4bf9710b9ad9dd3dee46d309d58,21102,511,188,2.718085,landscape,11.472812,0.999928,236.386674,49.904291,3.606845,0.209144,0.035975,0.197974,
legacy-test:test2:090,sha256:77687d88b14d0eaff17b333b35e8f8e4df3b22579a01d253c190845cf88f6814,356,TEST2.DAT,90,91,TEST2.DAT:2,Эл. цепи синусоидального тока,images/TEST2_090.jpg,77687d88b14d0eaff17b333b35e8f8e4df3b22579a01d253c190845cf88f6814,21449,523,198,2.641414,landscape,11.547848,0.971314,237.18907,48.870642,3.579636,0.195946,0.034707,0.180344,
legacy-test:test2:091,sha256:a5e88fc595aea19725607e086a8e6db8affb1180287a8be39827966d322f2fc6,357,TEST2.DAT,91,92,TEST2.DAT:2,Эл. цепи синусоидального тока,images/TEST2_091.jpg,a5e88fc595aea19725607e086a8e6db8affb1180287a8be39827966d322f2fc6,35990,520,273,1.904762,landscape,11.863301,0.644357,233.565469,48.37454,4.500105,0.291864,0.030783,0.235999,
legacy-test:test2:092,sha256:7036e151c407077634c5a508c3a004480e6db31f63d7afcb839709fa0d6a9003,358,TEST2.DAT,92,93,TEST2.DAT:2,Эл. цепи синусоидального тока,images/TEST2_092.jpg,7036e151c407077634c5a508c3a004480e6db31f63d7afcb839709fa0d6a9003,24507,508,164,3.097561,landscape,11.330348,1.130615,231.18774,51.929842,4.778507,0.300749,0.037954,0.268445,
legacy-test:test2:093,sha256:5179ab2559dfc592aa03501ea48224010bf75d691b8d5e530a8d9eef7d4502c7,359,TEST2.DAT,93,94,TEST2.DAT:2,Эл. цепи синусоидального тока,images/TEST2_093.jpg,5179ab2559dfc592aa03501ea48224010bf75d691b8d5e530a8d9eef7d4502c7,29158,517,187,2.764706,landscape,11.479151,1.016934,229.469099,51.247903,5.059102,0.344594,0.036709,0.279255,
legacy-test:test2:094,sha256:8c05936eb57fa601f2b2675840fc0129d24f8dc646850ca52f0e88d82478d7bc,360,TEST2.DAT,94,95,TEST2.DAT:2,Эл. цепи синусоидального тока,images/TEST2_094.jpg,8c05936eb57fa601f2b2675840fc0129d24f8dc646850ca52f0e88d82478d7bc,38948,618,224,2.758929,landscape,11.838135,1.014842,211.184387,91.295224,3.103422,0.258806,0.16455,0.1798,
legacy-test:test2:095,sha256:5af3e962ef793732f98b66e4b5308d57618c7919b77791e927b4c550e056731c,361,TEST2.DAT,95,96,TEST2.DAT:2,Эл. цепи синусоидального тока,images/TEST2_095.jpg,5af3e962ef793732f98b66e4b5308d57618c7919b77791e927b4c550e056731c,31551,606,198,3.060606,landscape,11.695147,1.118613,216.380196,86.944662,2.895394,0.222506,0.144648,0.164017,
legacy-test:test2:096,sha256:07b41e83834a59a5b9dbb8578a5178972c5b6896b34481c7c241cebd29a9a9db,362,TEST2.DAT,96,97,TEST2.DAT:2,Эл. цепи синусоидального тока,images/TEST2_096.jpg,07b41e83834a59a5b9dbb8578a5178972c5b6896b34481c7c241cebd29a9a9db,24416,613,212,2.891509,landscape,11.774951,1.061779,225.902859,77.379755,2.108235,0.153344,0.109137,0.110934,
legacy-test:test2:097,sha256:100a27a00f188ea1cea6d751608a480367dafbcfd41bf4c8db099d08fb748f68,363,TEST2.DAT,97,98,TEST2.DAT:2,Эл. цепи синусоидального тока,images/TEST2_097.jpg,100a27a00f188ea1cea6d751608a480367dafbcfd41bf4c8db099d08fb748f68,43988,612,257,2.381323,landscape,11.965808,0.867656,212.357513,90.999927,2.952883,0.232331,0.161256,0.172099,
legacy-test:test2:098,sha256:4371f7a7f2b50b5d90529e653c244198babf2bb9f4ee9b2ecdf76af2a0eda05a,364,TEST2.DAT,98,99,TEST2.DAT:2,Эл. цепи синусоидального тока,images/TEST2_098.jpg,4371f7a7f2b50b5d90529e653c244198babf2bb9f4ee9b2ecdf76af2a0eda05a,29120,590,278,2.122302,landscape,12.007744,0.752501,230.490971,71.202059,2.066333,0.136892,0.090452,0.107543,
legacy-test:test2:099,sha256:5e65fefee3ee26108cdecca838884ba98d37a00749e7c8d8f1080ff7f4f1c0c2,365,TEST2.DAT,99,100,TEST2.DAT:2,Эл. цепи синусоидального тока,images/TEST2_099.jpg,5e65fefee3ee26108cdecca838884ba98d37a00749e7c8d8f1080ff7f4f1c0c2,29615,590,301,1.960133,landscape,12.087233,0.673012,232.23931,68.762859,1.955748,0.127006,0.083704,0.100647,
legacy-test:test2:100,sha256:e299cde0294036596a98d87949649dae1696511fde4bb544d6d93d9a9ad7f6bf,366,TEST2.DAT,100,101,TEST2.DAT:2,Эл. цепи синусоидального тока,images/TEST2_100.jpg,e299cde0294036596a98d87949649dae1696511fde4bb544d6d93d9a9ad7f6bf,27215,605,289,2.093426,landscape,12.071655,0.738802,234.35599,65.533394,1.902957,0.116166,0.075004,0.095302,
legacy-test:test2:101,sha256:56f05faf1fe7da406fc5a65140f07d75ab6e0562a0c290f96c412d63736f0b24,367,TEST2.DAT,101,102,TEST2.DAT:2,Эл. цепи синусоидального тока,images/TEST2_101.jpg,56f05faf1fe7da406fc5a65140f07d75ab6e0562a0c290f96c412d63736f0b24,25695,598,285,2.098246,landscape,12.04608,0.741102,234.259127,65.820936,1.867656,0.114217,0.075738,0.095098,
legacy-test:test2:102,sha256:a913de00e298600d3b4e070daa5d9740a68e0a0e034cb6c98eda9dca79e7ed28,368,TEST2.DAT,102,103,TEST2.DAT:2,Эл. цепи синусоидального тока,images/TEST2_102.jpg,a913de00e298600d3b4e070daa5d9740a68e0a0e034cb6c98eda9dca79e7ed28,25526,606,303,2.0,landscape,12.120613,0.693147,237.706227,60.015084,1.737947,0.099576,0.06196,0.086901,
legacy-test:test2:103,sha256:97224401653fb9d8a3f2b62057f7122ba2e08347abdcb649f245fd41eda917de,369,TEST2.DAT,103,104,TEST2.DAT:2,Эл. цепи синусоидального тока,images/TEST2_103.jpg,97224401653fb9d8a3f2b62057f7122ba2e08347abdcb649f245fd41eda917de,21714,616,303,2.033003,landscape,12.13698,0.709514,240.465968,54.955417,1.539893,0.082723,0.051412,0.07046,
legacy-test:test2:104,sha256:9611cc433365f19d01ba4326e3205c64752d06cf631c8cda6f2b796dd730124a,370,TEST2.DAT,104,105,TEST2.DAT:2,Эл. цепи синусоидального тока,images/TEST2_104.jpg,9611cc433365f19d01ba4326e3205c64752d06cf631c8cda6f2b796dd730124a,30023,616,295,2.088136,landscape,12.110222,0.736272,231.769436,69.469355,2.035999,0.126365,0.0855,0.100449,
legacy-test:test2:105,sha256:e08c7f1b47f71929a8cd4a4aa5d2242e66db810832696c2cad147cc64b76d4e7,371,TEST2.DAT,105,106,TEST2.DAT:2,Эл. цепи синусоидального тока,images/TEST2_105.jpg,e08c7f1b47f71929a8cd4a4aa5d2242e66db810832696c2cad147cc64b76d4e7,27369,621,282,2.202128,landscape,12.073238,0.789424,233.78696,66.401952,1.925466,0.119408,0.07738,0.095673,
legacy-test:test2:106,sha256:97214fa875affd01c90798238811f408f29c4656f3e57e94d20b1472ea725602,372,TEST2.DAT,106,107,TEST2.DAT:2,Эл. цепи синусоидального тока,images/TEST2_106.jpg,97214fa875affd01c90798238811f408f29c4656f3e57e94d20b1472ea725602,19612,615,263,2.338403,landscape,11.993776,0.849468,239.45092,57.103405,1.448862,0.084571,0.055934,0.066709,
legacy-test:test2:107,sha256:e3304b3f811f12e0d905f9007052b4ee95a55319fca7d0790ab208bb6bb66295,373,TEST2.DAT,107,108,TEST2.DAT:2,Эл. цепи синусоидального тока,images/TEST2_107.jpg,e3304b3f811f12e0d905f9007052b4ee95a55319fca7d0790ab208bb6bb66295,21246,599,262,2.28626,landscape,11.963606,0.826917,238.207362,59.504803,1.572674,0.088634,0.06082,0.076859,
legacy-test:test2:108,sha256:f72a3075001ae8b5b1f5980656364e6d4b65893401f41cd5a974f7f76f6d6691,374,TEST2.DAT,108,109,TEST2.DAT:2,Эл. цепи синусоидального тока,images/TEST2_108.jpg,f72a3075001ae8b5b1f5980656364e6d4b65893401f41cd5a974f7f76f6d6691,25901,602,307,1.960912,landscape,12.127105,0.67341,236.790627,61.705739,1.667677,0.101902,0.065926,0.08412,
legacy-test:test2:109,sha256:56945b7ac5de3f89bd6a2e8882202487bdbad8abc2a361ada3017054b49b9393,375,TEST2.DAT,109,110,TEST2.DAT:2,Эл. цепи синусоидального тока,images/TEST2_109.jpg,56945b7ac5de3f89bd6a2e8882202487bdbad8abc2a361ada3017054b49b9393,18803,609,239,2.548117,landscape,11.888282,0.935355,238.406517,58.911138,1.542692,0.093953,0.05967,0.075164,
legacy-test:test2:110,sha256:d080a3d901a3d6c0c9b6626e074948b1b9dcdaa6ac368bc253241a161946b052,376,TEST2.DAT,110,111,TEST2.DAT:2,Эл. цепи синусоидального тока,images/TEST2_110.jpg,d080a3d901a3d6c0c9b6626e074948b1b9dcdaa6ac368bc253241a161946b052,23037,605,308,1.964286,landscape,12.135328,0.675129,239.528834,56.890878,1.461904,0.086873,0.055324,0.071717,
legacy-test:test2:111,sha256:ad4ffb532f2de786b86b90ff1c5947042b10246b3809b5611e086266295a92a7,377,TEST2.DAT,111,112,TEST2.DAT:2,Эл. цепи синусоидального тока,images/TEST2_111.jpg,ad4ffb532f2de786b86b90ff1c5947042b10246b3809b5611e086266295a92a7,20443,603,270,2.233333,landscape,12.000339,0.803495,238.349794,59.122595,1.537658,0.090578,0.060131,0.071299,
legacy-test:test2:112,sha256:49ca8a2e0654bb857f0b3e9b0f9432fddb5bc05c425fe89a3c320dc098f7d0b4,378,TEST2.DAT,112,113,TEST2.DAT:2,Эл. цепи синусоидального тока,images/TEST2_112.jpg,49ca8a2e0654bb857f0b3e9b0f9432fddb5bc05c425fe89a3c320dc098f7d0b4,23173,597,276,2.163043,landscape,12.012318,0.771516,236.082593,62.892885,1.679408,0.104951,0.068774,0.081286,
legacy-test:test2:113,sha256:0e7aeaa3757046e930b2a1eed15550216a256ec3277e4516f8269681762a5f63,379,TEST2.DAT,113,114,TEST2.DAT:2,Эл. цепи синусоидального тока,images/TEST2_113.jpg,0e7aeaa3757046e930b2a1eed15550216a256ec3277e4516f8269681762a5f63,16581,608,215,2.827907,landscape,11.780813,1.039537,237.106311,61.329029,1.617675,0.095219,0.065024,0.074769,
legacy-test:test2:114,sha256:037018a6324998e53273d5143da430c9d43fba456e31e089f087a368d90475c9,380,TEST2.DAT,114,115,TEST2.DAT:2,Эл. цепи синусоидального тока,images/TEST2_114.jpg,037018a6324998e53273d5143da430c9d43fba456e31e089f087a368d90475c9,22322,594,258,2.302326,landscape,11.939839,0.83392,233.241054,67.610229,1.694286,0.113291,0.080547,0.083958,
legacy-test:test2:115,sha256:0e6637b18571401a51cb6a9c774767de24078965b6e20de7f4d5d40dfa39e47e,381,TEST2.DAT,115,116,TEST2.DAT:2,Эл. цепи синусоидального тока,images/TEST2_115.jpg,0e6637b18571401a51cb6a9c774767de24078965b6e20de7f4d5d40dfa39e47e,26127,594,239,2.485356,landscape,11.863343,0.910416,227.292183,75.595789,2.087594,0.147916,0.103525,0.109954,
legacy-test:test2:116,sha256:f351c1d85463fae3ee1f6dd4c1ef29a3315d027a1288a2dc91b181ed94bd2d06,382,TEST2.DAT,116,117,TEST2.DAT:2,Эл. цепи синусоидального тока,images/TEST2_116.jpg,f351c1d85463fae3ee1f6dd4c1ef29a3315d027a1288a2dc91b181ed94bd2d06,17788,587,275,2.134545,landscape,11.991796,0.758254,239.455865,57.386616,1.289091,0.080273,0.056392,0.062565,
legacy-test:test2:117,sha256:ac197d47d3ab833f027d6a04a1f4709111117f88d637053f2d865f6b6c5d7be0,383,TEST2.DAT,117,118,TEST2.DAT:2,Эл. цепи синусоидального тока,images/TEST2_117.jpg,ac197d47d3ab833f027d6a04a1f4709111117f88d637053f2d865f6b6c5d7be0,20847,591,276,2.141304,landscape,12.002217,0.761415,237.28256,61.018221,1.586985,0.094227,0.064396,0.073216,
legacy-test:test2:118,sha256:67cab8251349006da4b6e191141c5288f8b68fe2b90992bdea7079c43629ef49,384,TEST2.DAT,118,119,TEST2.DAT:2,Эл. цепи синусоидального тока,images/TEST2_118.jpg,67cab8251349006da4b6e191141c5288f8b68fe2b90992bdea7079c43629ef49,21909,588,255,2.305882,landscape,11.91799,0.835463,234.374476,65.743575,1.735169,0.110858,0.075737,0.084616,
legacy-test:test2:119,sha256:97794455a37bdce54ad6c14356b8687b11bfd6bed13d921f13c81dba82b1bdbd,385,TEST2.DAT,119,120,TEST2.DAT:2,Эл. цепи синусоидального тока,images/TEST2_119.jpg,97794455a37bdce54ad6c14356b8687b11bfd6bed13d921f13c81dba82b1bdbd,20773,593,256,2.316406,landscape,11.930372,0.840017,235.800221,63.533222,1.630541,0.101602,0.070359,0.077395,
legacy-test:test2:120,sha256:24d4d5245b5a165e3b5aebaddf433e70a266af0c4b67408c132e851b85a9312c,386,TEST2.DAT,120,121,TEST2.DAT:2,Эл. цепи синусоидального тока,images/TEST2_120.jpg,24d4d5245b5a165e3b5aebaddf433e70a266af0c4b67408c132e851b85a9312c,26700,583,249,2.341365,landscape,11.88564,0.850734,226.102578,77.09008,2.15244,0.151391,0.108399,0.106545,missing_correct_answer
legacy-test:test2:121,sha256:8864207a242856223d6f6ccd44874553e4def1a8400f31b02bf0400daee557fa,387,TEST2.DAT,121,122,TEST2.DAT:2,Эл. цепи синусоидального тока,images/TEST2_121.jpg,8864207a242856223d6f6ccd44874553e4def1a8400f31b02bf0400daee557fa,18089,602,255,2.360784,landscape,11.941521,0.858994,239.567038,56.92644,1.437358,0.084196,0.055345,0.067233,
legacy-test:test2:122,sha256:49a6a19353746d0919b32a8a566e50404f24927c8ab1f2c0652b1c9df6a9813c,388,TEST2.DAT,122,123,TEST2.DAT:2,Эл. цепи синусоидального тока,images/TEST2_122.jpg,49a6a19353746d0919b32a8a566e50404f24927c8ab1f2c0652b1c9df6a9813c,26891,595,284,2.09507,landscape,12.037536,0.739587,234.165008,65.874533,1.842307,0.117523,0.07611,0.095864,
legacy-test:test2:123,sha256:232b9b29ab43885626607c9523379944c05b434d9b558f348b2cf6497c33412f,389,TEST2.DAT,123,124,TEST2.DAT:2,Эл. цепи синусоидального тока,images/TEST2_123.jpg,232b9b29ab43885626607c9523379944c05b434d9b558f348b2cf6497c33412f,27205,601,282,2.131206,landscape,12.040502,0.756688,232.592966,68.418894,1.889308,0.119759,0.082557,0.093596,
legacy-test:test2:124,sha256:f91eddbaa9103f75ec10f03d8269338db3e45213f4b36fb05fd17d73e897b8be,390,TEST2.DAT,124,125,TEST2.DAT:2,Эл. цепи синусоидального тока,images/TEST2_124.jpg,f91eddbaa9103f75ec10f03d8269338db3e45213f4b36fb05fd17d73e897b8be,18561,597,191,3.125654,landscape,11.644191,1.139644,233.711805,66.26598,1.96867,0.126602,0.077271,0.101027,
legacy-test:test2:125,sha256:d1b0419d9b2cbbf8423d47de2a92cf6e18b4d78f3f5bfde89ade3ecb8df1c354,391,TEST2.DAT,125,126,TEST2.DAT:2,Эл. цепи синусоидального тока,images/TEST2_125.jpg,d1b0419d9b2cbbf8423d47de2a92cf6e18b4d78f3f5bfde89ade3ecb8df1c354,18068,588,225,2.613333,landscape,11.792827,0.960627,235.760665,63.618233,1.609065,0.102562,0.070461,0.080036,
legacy-test:test2:126,sha256:50d2bf3e0f0c04f533092b1acd6fe1be81d007028837c7587e6eb53b4f851155,392,TEST2.DAT,126,127,TEST2.DAT:2,Эл. цепи синусоидального тока,images/TEST2_126.jpg,50d2bf3e0f0c04f533092b1acd6fe1be81d007028837c7587e6eb53b4f851155,17454,590,231,2.554113,landscape,11.82254,0.937705,237.297513,61.06384,1.526117,0.09457,0.064517,0.071882,
legacy-test:test2:127,sha256:73d90e7def1d861fbabca087887b513fe355b649fa51a6fedf0439962480b878,393,TEST2.DAT,127,128,TEST2.DAT:2,Эл. цепи синусоидального тока,images/TEST2_127.jpg,73d90e7def1d861fbabca087887b513fe355b649fa51a6fedf0439962480b878,22244,594,159,3.735849,landscape,11.455784,1.317975,216.323264,87.799528,2.496165,0.197097,0.147216,0.136136,
legacy-test:test2:128,sha256:e4b02c53692394c487ec1dad5f96d5797b4774f609d96dac7be97011467cd40b,394,TEST2.DAT,128,129,TEST2.DAT:2,Эл. цепи синусоидального тока,images/TEST2_128.jpg,e4b02c53692394c487ec1dad5f96d5797b4774f609d96dac7be97011467cd40b,31289,589,196,3.005102,landscape,11.656541,1.100312,209.696979,93.611641,2.854588,0.233828,0.172828,0.16249,
legacy-test:test2:129,sha256:cac4967d07d66dda173805c92c57959aba4f085731e5c243364449df59aebe81,395,TEST2.DAT,129,130,TEST2.DAT:2,Эл. цепи синусоидального тока,images/TEST2_129.jpg,cac4967d07d66dda173805c92c57959aba4f085731e5c243364449df59aebe81,18418,592,219,2.703196,landscape,11.772578,0.994435,232.690716,68.507278,1.693593,0.112358,0.083063,0.078513,
legacy-test:test2:130,sha256:5915a85f3f92ceeb66fab96b48b1adbb6b72bcbe573edecc7cf2205138cdb364,396,TEST2.DAT,130,131,TEST2.DAT:2,Эл. цепи синусоидального тока,images/TEST2_130.jpg,5915a85f3f92ceeb66fab96b48b1adbb6b72bcbe573edecc7cf2205138cdb364,19844,595,250,2.38,landscape,11.910022,0.8671,236.150272,63.002516,1.563742,0.100128,0.069029,0.076049,
legacy-test:test2:131,sha256:e833dd22142be58e0b6b4605890f9b0aaf4bd46fa552881d272ce4a57a8a20c5,397,TEST2.DAT,131,132,TEST2.DAT:2,Эл. цепи синусоидального тока,images/TEST2_131.jpg,e833dd22142be58e0b6b4605890f9b0aaf4bd46fa552881d272ce4a57a8a20c5,25769,609,275,2.214545,landscape,12.028589,0.795047,234.386237,65.631728,1.802878,0.113468,0.075384,0.091479,
legacy-test:test2:132,sha256:da48b54dc6dfa02c482efae9be656a4c099dc52e0ad9d04aee9c6cdd9d88b672,398,TEST2.DAT,132,133,TEST2.DAT:2,Эл. цепи синусоидального тока,images/TEST2_132.jpg,da48b54dc6dfa02c482efae9be656a4c099dc52e0ad9d04aee9c6cdd9d88b672,21768,599,268,2.235075,landscape,11.986249,0.804275,235.975619,63.172332,1.697741,0.102229,0.069438,0.078866,
legacy-test:test2:133,sha256:82f8d95ffb0efae6260b553b592ed72b65cd0608ee2bda0495f9505b34696103,399,TEST2.DAT,133,134,TEST2.DAT:2,Эл. цепи синусоидального тока,images/TEST2_133.jpg,82f8d95ffb0efae6260b553b592ed72b65cd0608ee2bda0495f9505b34696103,24364,573,269,2.130112,landscape,11.945597,0.756174,232.26627,68.87589,1.856579,0.123014,0.083893,0.09339,
legacy-test:test2:134,sha256:b544c17d78317af36fe711f55d16a3b66ce3b55151e7c74f20f94888a6ca3d08,400,TEST2.DAT,134,135,TEST2.DAT:2,Эл. цепи синусоидального тока,images/TEST2_134.jpg,b544c17d78317af36fe711f55d16a3b66ce3b55151e7c74f20f94888a6ca3d08,23159,590,242,2.438017,landscape,11.86906,0.891185,231.121249,70.548022,1.913281,0.128134,0.088444,0.092871,
legacy-test:test2:135,sha256:beb2f6e36af90660da14d99147c3eff5c885d4bb198f618aab9808b6332d13fe,401,TEST2.DAT,135,136,TEST2.DAT:3,Несинусоидальные токи,images/TEST2_135.jpg,beb2f6e36af90660da14d99147c3eff5c885d4bb198f618aab9808b6332d13fe,9662,438,82,5.341463,landscape,10.488938,1.6755,234.177665,51.209095,4.310136,0.250306,0.037309,0.225745,
legacy-test:test2:136,sha256:7fb0708de558970925d84bc2ca9506ca5bfdd63adb633048a300ae08a98c08b8,402,TEST2.DAT,136,137,TEST2.DAT:3,Несинусоидальные токи,images/TEST2_136.jpg,7fb0708de558970925d84bc2ca9506ca5bfdd63adb633048a300ae08a98c08b8,10946,499,101,4.940594,landscape,10.827727,1.597486,236.974642,49.611561,3.406844,0.195559,0.035378,0.191228,
legacy-test:test2:137,sha256:3c5537de767d63a8781b3dc98a2ab84cad2d844af87e93215aac7dfd14890900,403,TEST2.DAT,137,138,TEST2.DAT:3,Несинусоидальные токи,images/TEST2_137.jpg,3c5537de767d63a8781b3dc98a2ab84cad2d844af87e93215aac7dfd14890900,19750,532,132,4.030303,landscape,11.159445,1.393842,230.501267,59.085205,3.979344,0.263614,0.054454,0.251858,
legacy-test:test2:138,sha256:67c6373aa42651f04f51c4ea438ffaece33c05c3904e2b3296cd20baef0e7d76,404,TEST2.DAT,138,139,TEST2.DAT:3,Несинусоидальные токи,images/TEST2_138.jpg,67c6373aa42651f04f51c4ea438ffaece33c05c3904e2b3296cd20baef0e7d76,13447,445,98,4.540816,landscape,10.683042,1.513107,231.04765,55.876072,4.225335,0.284935,0.045036,0.270528,
legacy-test:test2:139,sha256:d862ec8f107f5931426317c5f9aeacbde829c664e4c89cb4818b3bd83e40e98b,405,TEST2.DAT,139,140,TEST2.DAT:3,Несинусоидальные токи,images/TEST2_139.jpg,d862ec8f107f5931426317c5f9aeacbde829c664e4c89cb4818b3bd83e40e98b,30874,505,193,2.61658,landscape,11.487249,0.961868,228.156549,61.004889,4.399098,0.305238,0.059119,0.281172,
legacy-test:test2:140,sha256:c6df56fdec4d01f69a0da35e002108545b1eac2640f8389360856963e8243659,406,TEST2.DAT,140,141,TEST2.DAT:3,Несинусоидальные токи,images/TEST2_140.jpg,c6df56fdec4d01f69a0da35e002108545b1eac2640f8389360856963e8243659,16374,481,92,5.228261,landscape,10.697656,1.654079,222.863577,67.08112,4.790671,0.335894,0.074234,0.319044,
legacy-test:test2:141,sha256:80a4a052950654c25eecb9d536654a7033d83e187119f6ec66dec2eb501940ac,407,TEST2.DAT,141,142,TEST2.DAT:3,Несинусоидальные токи,images/TEST2_141.jpg,80a4a052950654c25eecb9d536654a7033d83e187119f6ec66dec2eb501940ac,20839,481,135,3.562963,landscape,11.081142,1.270592,226.590144,64.488063,4.300248,0.289505,0.068099,0.275574,
legacy-test:test2:142,sha256:4f4e6ed28cec79d2ba26815acecee2ae41c02fae2be1a03d24f00ac6ad13d8df,408,TEST2.DAT,142,143,TEST2.DAT:3,Несинусоидальные токи,images/TEST2_142.jpg,4f4e6ed28cec79d2ba26815acecee2ae41c02fae2be1a03d24f00ac6ad13d8df,16784,522,214,2.439252,landscape,11.623644,0.891692,241.631154,45.384628,2.461317,0.136391,0.031036,0.122288,
legacy-test:test2:143,sha256:d0752ff2ae3023adde5a61dec58d3216711177dd652c5bc5054c48d541b72166,409,TEST2.DAT,143,144,TEST2.DAT:3,Несинусоидальные токи,images/TEST2_143.jpg,d0752ff2ae3023adde5a61dec58d3216711177dd652c5bc5054c48d541b72166,14820,522,132,3.954545,landscape,11.14047,1.374866,236.586758,52.842947,3.200866,0.188857,0.0429,0.183402,
legacy-test:test2:144,sha256:c755ae8389e6b97c3a088d3f6d2a76fa1ca46316886b21c11f289c910ef0360f,410,TEST2.DAT,144,145,TEST2.DAT:3,Несинусоидальные токи,images/TEST2_144.jpg,c755ae8389e6b97c3a088d3f6d2a76fa1ca46316886b21c11f289c910ef0360f,21242,534,192,2.78125,landscape,11.537891,1.0229,236.05856,54.284121,3.236824,0.18118,0.045597,0.179482,
legacy-test:test2:145,sha256:326e37971763b1d34a64eb5701beecf4c0aa604929a8208d8bc94e7c4c93e9cc,411,TEST2.DAT,145,146,TEST2.DAT:3,Несинусоидальные токи,images/TEST2_145.jpg,326e37971763b1d34a64eb5701beecf4c0aa604929a8208d8bc94e7c4c93e9cc,16810,519,166,3.126506,landscape,11.363892,1.139916,237.436323,52.092526,3.130148,0.173143,0.041728,0.160152,
legacy-test:test2:146,sha256:b7d3e39d7da655b3cb87e8410c4411446a59666a324c7a3ca6a69b77761c5584,412,TEST2.DAT,146,147,TEST2.DAT:3,Несинусоидальные токи,images/TEST2_146.jpg,b7d3e39d7da655b3cb87e8410c4411446a59666a324c7a3ca6a69b77761c5584,16281,494,195,2.533333,landscape,11.475535,0.929536,239.568203,49.147095,2.715589,0.146538,0.036759,0.139107,
legacy-test:test2:147,sha256:30185fe4dcca682c21b0a9137e557ed2194a561761904b5e67daea6f8b82c1bc,413,TEST2.DAT,147,148,TEST2.DAT:3,Несинусоидальные токи,images/TEST2_147.jpg,30185fe4dcca682c21b0a9137e557ed2194a561761904b5e67daea6f8b82c1bc,17770,494,146,3.383562,landscape,11.186142,1.218929,233.584826,56.856021,3.522078,0.210817,0.050011,0.212215,
legacy-test:test2:148,sha256:58f0b6bd78bf822e8d254e6f31ef200d8bcb1ef06f1bb6984cd7a3638a2979d4,414,TEST2.DAT,148,149,TEST2.DAT:3,Несинусоидальные токи,images/TEST2_148.jpg,58f0b6bd78bf822e8d254e6f31ef200d8bcb1ef06f1bb6984cd7a3638a2979d4,16935,492,141,3.489362,landscape,11.147239,1.249719,233.012166,57.949281,3.533872,0.205775,0.052067,0.215945,
legacy-test:test2:149,sha256:5cc38f6ca4479401aed49c22a9146628ef74027bc2a19c60b62ce599de794b84,415,TEST2.DAT,149,150,TEST2.DAT:3,Несинусоидальные токи,images/TEST2_149.jpg,5cc38f6ca4479401aed49c22a9146628ef74027bc2a19c60b62ce599de794b84,7081,499,133,3.75188,landscape,11.102955,1.322257,246.985279,34.343757,1.762956,0.076936,0.017132,0.076136,
legacy-test:test2:150,sha256:d60fc5ef052965073dde4a6186ac2aecbb1cea11982937e7553ceb2946022e56,416,TEST2.DAT,150,151,TEST2.DAT:3,Несинусоидальные токи,images/TEST2_150.jpg,d60fc5ef052965073dde4a6186ac2aecbb1cea11982937e7553ceb2946022e56,13846,496,173,2.867052,landscape,11.359868,1.053284,241.767574,44.719433,2.5934,0.130442,0.029531,0.132621,
legacy-test:test2:151,sha256:3434a10bf8742a97836b4bf19a8c8858187dda623f7c868c45d4ebef6a53a40f,417,TEST2.DAT,151,152,TEST2.DAT:3,Несинусоидальные токи,images/TEST2_151.jpg,3434a10bf8742a97836b4bf19a8c8858187dda623f7c868c45d4ebef6a53a40f,15789,496,142,3.492958,landscape,11.162403,1.250749,235.895758,52.244274,3.387128,0.219588,0.041189,0.197152,
legacy-test:test2:152,sha256:9b01f528aac8e50810fca73ea4d351241e0ba83df7af9aea8e9400611ffe2920,418,TEST2.DAT,152,153,TEST2.DAT:3,Несинусоидальные токи,images/TEST2_152.jpg,9b01f528aac8e50810fca73ea4d351241e0ba83df7af9aea8e9400611ffe2920,11883,508,92,5.521739,landscape,10.75227,1.708693,233.908572,55.671743,3.705153,0.224623,0.047758,0.219258,
legacy-test:test2:153,sha256:a0f4d502a47649bfad70280c71ca712fbc1f1d04c46a1a297b00c9f6ddd308e4,419,TEST2.DAT,153,154,TEST2.DAT:3,Несинусоидальные токи,images/TEST2_153.jpg,a0f4d502a47649bfad70280c71ca712fbc1f1d04c46a1a297b00c9f6ddd308e4,22840,512,231,2.21645,landscape,11.680742,0.795907,237.102425,52.744403,2.93152,0.170116,0.042402,0.165793,
legacy-test:test2:154,sha256:f3e1587a12132e5385e398b9297f3cfda2fe3268f6833f3ed086920b892843e7,420,TEST2.DAT,154,155,TEST2.DAT:3,Несинусоидальные токи,images/TEST2_154.jpg,f3e1587a12132e5385e398b9297f3cfda2fe3268f6833f3ed086920b892843e7,31363,505,191,2.643979,landscape,11.476832,0.972285,224.95458,67.077026,4.382788,0.28264,0.074936,0.285125,
legacy-test:test2:155,sha256:b19f843d253ab7a206a7a234699891bb7bd17d2c0d2e03a3d567ffec8469a74f,421,TEST2.DAT,155,156,TEST2.DAT:3,Несинусоидальные токи,images/TEST2_155.jpg,b19f843d253ab7a206a7a234699891bb7bd17d2c0d2e03a3d567ffec8469a74f,19857,496,215,2.306977,landscape,11.577214,0.835938,238.440144,49.759333,3.121796,0.169186,0.037584,0.155414,
legacy-test:test2:156,sha256:7344e9aab29ced81bf1ce1b55136f3cf9b8810eaefbda0420b591ab616722a89,422,TEST2.DAT,156,157,TEST2.DAT:3,Несинусоидальные токи,images/TEST2_156.jpg,7344e9aab29ced81bf1ce1b55136f3cf9b8810eaefbda0420b591ab616722a89,18894,505,115,4.391304,landscape,10.969491,1.479626,227.038915,64.036206,4.330576,0.275644,0.066328,0.286933,
legacy-test:test2:157,sha256:f6098a3d554d4dd326bb5b97407dba7101b3ce401ef94f5f9859732f1e87b25a,423,TEST2.DAT,157,158,TEST2.DAT:3,Несинусоидальные токи,images/TEST2_157.jpg,f6098a3d554d4dd326bb5b97407dba7101b3ce401ef94f5f9859732f1e87b25a,32236,501,202,2.480198,landscape,11.524874,0.908338,227.320013,63.322218,4.225965,0.279342,0.064762,0.278697,
legacy-test:test2:158,sha256:ae1bb7db5fefa7cb4a3832a8b80e582145a0c82f98a784b6a7ced546c1e90ab9,424,TEST2.DAT,158,159,TEST2.DAT:3,Несинусоидальные токи,images/TEST2_158.jpg,ae1bb7db5fefa7cb4a3832a8b80e582145a0c82f98a784b6a7ced546c1e90ab9,21907,510,206,2.475728,landscape,11.562287,0.906535,237.157967,51.4789,3.184526,0.188692,0.040482,0.181373,
legacy-test:test2:159,sha256:61b3b3ddaee72ce1dc3cbb0b9d5d9dc53dbb34c2b61d67877b7200862e47aca7,425,TEST2.DAT,159,160,TEST2.DAT:3,Несинусоидальные токи,images/TEST2_159.jpg,61b3b3ddaee72ce1dc3cbb0b9d5d9dc53dbb34c2b61d67877b7200862e47aca7,27775,490,291,1.683849,landscape,11.867729,0.521082,238.930521,49.853513,3.010577,0.156217,0.038467,0.161502,
legacy-test:test2:160,sha256:1679b1bbd9ddf8eb56e8f2bd2098164703e7117ad6378376bb65f9d7447c1d8b,426,TEST2.DAT,160,161,TEST2.DAT:3,Несинусоидальные токи,images/TEST2_160.jpg,1679b1bbd9ddf8eb56e8f2bd2098164703e7117ad6378376bb65f9d7447c1d8b,23768,510,258,1.976744,landscape,11.78737,0.681451,239.221531,49.081983,2.81533,0.154704,0.035841,0.154943,
legacy-test:test2:161,sha256:184599a1578cf75b0a7e76fbae04a541bd70c510a0256b17cea106dd7f067353,427,TEST2.DAT,161,162,TEST2.DAT:3,Несинусоидальные токи,images/TEST2_161.jpg,184599a1578cf75b0a7e76fbae04a541bd70c510a0256b17cea106dd7f067353,25248,501,256,1.957031,landscape,11.761784,0.671429,238.44065,50.332258,3.002525,0.159189,0.038064,0.169425,
legacy-test:test2:162,sha256:c7f417740bd760e1589921fcafdd492733341827990893f1a433b305d5bcc292,428,TEST2.DAT,162,163,TEST2.DAT:3,Несинусоидальные токи,images/TEST2_162.jpg,c7f417740bd760e1589921fcafdd492733341827990893f1a433b305d5bcc292,26440,501,280,1.789286,landscape,11.851396,0.581816,238.561106,50.101708,3.011647,0.160308,0.037853,0.163399,
legacy-test:test2:163,sha256:53009c602b92a11b25a4cbe08e2ce867d4e5167c07d85ea8acafdace2feeb344,429,TEST2.DAT,163,164,TEST2.DAT:3,Несинусоидальные токи,images/TEST2_163.jpg,53009c602b92a11b25a4cbe08e2ce867d4e5167c07d85ea8acafdace2feeb344,20971,505,213,2.370892,landscape,11.585851,0.863266,237.616186,51.889829,2.994798,0.167443,0.040998,0.164369,
legacy-test:test2:164,sha256:7145227e6dbebd390baee25ae436a1698cb840e9ed5cd891c544fcde36847e0e,430,TEST2.DAT,164,165,TEST2.DAT:3,Несинусоидальные токи,images/TEST2_164.jpg,7145227e6dbebd390baee25ae436a1698cb840e9ed5cd891c544fcde36847e0e,17924,505,130,3.884615,landscape,11.092093,1.357024,232.887174,57.519015,3.784615,0.222879,0.051668,0.232309,
legacy-test:test2:165,sha256:dcd3a8733bb8e1ce8ae6a5656ed369596cfb3f32278c7bbee3a348690b6fbd67,431,TEST2.DAT,165,166,TEST2.DAT:3,Несинусоидальные токи,images/TEST2_165.jpg,dcd3a8733bb8e1ce8ae6a5656ed369596cfb3f32278c7bbee3a348690b6fbd67,40008,596,308,1.935065,landscape,12.12034,0.660141,225.284407,78.03626,2.404863,0.159331,0.110765,0.13528,
legacy-test:test2:166,sha256:65b121af858dc4f29cc7a2971621c20de973eb138936146d9937801c757fb29a,432,TEST2.DAT,166,167,TEST2.DAT:3,Несинусоидальные токи,images/TEST2_166.jpg,65b121af858dc4f29cc7a2971621c20de973eb138936146d9937801c757fb29a,43787,590,333,1.771772,landscape,12.188265,0.57198,224.606179,78.132877,2.598476,0.180862,0.112134,0.144183,
legacy-test:test2:167,sha256:7731b5c6313c55583144535643c3848a138627a8ae6171fe0fa79f78b6e45fd2,433,TEST2.DAT,167,168,TEST2.DAT:3,Несинусоидальные токи,images/TEST2_167.jpg,7731b5c6313c55583144535643c3848a138627a8ae6171fe0fa79f78b6e45fd2,31776,587,286,2.052448,landscape,12.031017,0.719033,228.176576,74.655978,2.082964,0.139259,0.100112,0.112074,
legacy-test:test2:168,sha256:f96734875fc32c551946a2a0af95fa0a0098ed94ab3a8cbf33764993d52dd603,434,TEST2.DAT,168,169,TEST2.DAT:3,Несинусоидальные токи,images/TEST2_168.jpg,f96734875fc32c551946a2a0af95fa0a0098ed94ab3a8cbf33764993d52dd603,25981,594,296,2.006757,landscape,12.077239,0.69652,234.678343,65.222135,1.743327,0.111037,0.074358,0.086953,
legacy-test:test2:169,sha256:8dfa707796a2ec946f6e66bddce2ebbecb8a510913923bec241e8b1981ef163e,435,TEST2.DAT,169,170,TEST2.DAT:3,Несинусоидальные токи,images/TEST2_169.jpg,8dfa707796a2ec946f6e66bddce2ebbecb8a510913923bec241e8b1981ef163e,27779,587,297,1.976431,landscape,12.068757,0.681293,233.203873,67.427057,1.860699,0.120139,0.079976,0.095895,
legacy-test:test2:170,sha256:2e654a94aed96f132991704fc76cbc65ee294450c8a7de6a8cb4d5b3ac6a4216,436,TEST2.DAT,170,171,TEST2.DAT:3,Несинусоидальные токи,images/TEST2_170.jpg,2e654a94aed96f132991704fc76cbc65ee294450c8a7de6a8cb4d5b3ac6a4216,34438,600,306,1.960784,landscape,12.120515,0.673345,228.594951,73.446079,2.253797,0.150877,0.097429,0.114301,
legacy-test:test2:171,sha256:8aee97d780ae8d32d05d9d8597f6d0889076d38916d505752ba3a9f42a6da418,437,TEST2.DAT,171,172,TEST2.DAT:3,Несинусоидальные токи,images/TEST2_171.jpg,8aee97d780ae8d32d05d9d8597f6d0889076d38916d505752ba3a9f42a6da418,30454,600,302,1.986755,landscape,12.107357,0.686503,232.390061,68.265189,2.034018,0.130613,0.082561,0.101901,
legacy-test:test2:172,sha256:8d998721ed58c5cda3f2c35b6de815c98b494a7863a130e7d6a5873b560b800e,438,TEST2.DAT,172,173,TEST2.DAT:3,Несинусоидальные токи,images/TEST2_172.jpg,8d998721ed58c5cda3f2c35b6de815c98b494a7863a130e7d6a5873b560b800e,22485,595,286,2.08042,landscape,12.044553,0.73257,237.896045,59.287724,1.621234,0.107363,0.060898,0.079602,
legacy-test:test2:173,sha256:db91aa3e708237f4fc8f4283303f7d822c2cf2ba86d090d046579fb5d1d1e1c9,439,TEST2.DAT,173,174,TEST2.DAT:3,Несинусоидальные токи,images/TEST2_173.jpg,db91aa3e708237f4fc8f4283303f7d822c2cf2ba86d090d046579fb5d1d1e1c9,23999,586,270,2.17037,landscape,11.971742,0.774898,234.826526,64.669554,1.789244,0.117533,0.073309,0.091846,
legacy-test:test2:174,sha256:89d402532642fc7b6fe90e3ec597b84ba2df4ff03ad245d454aca9dd7f48e3c1,440,TEST2.DAT,174,175,TEST2.DAT:3,Несинусоидальные токи,images/TEST2_174.jpg,89d402532642fc7b6fe90e3ec597b84ba2df4ff03ad245d454aca9dd7f48e3c1,24452,602,275,2.189091,landscape,12.017029,0.783486,235.195705,64.170448,1.714322,0.1128,0.072159,0.08735,
legacy-test:test2:175,sha256:d99d74d9be275b573a3bce955fe2239c704cd56a43e66c5b8af0fb89518b00c9,441,TEST2.DAT,175,176,TEST2.DAT:3,Несинусоидальные токи,images/TEST2_175.jpg,d99d74d9be275b573a3bce955fe2239c704cd56a43e66c5b8af0fb89518b00c9,38208,583,316,1.844937,landscape,12.123929,0.612445,225.045612,78.061783,2.398288,0.165529,0.111525,0.128266,
legacy-test:test2:176,sha256:770ac551351b954645e4f3880673d29d0003e070849e7bc394d836fe086eea19,442,TEST2.DAT,176,177,TEST2.DAT:3,Несинусоидальные токи,images/TEST2_176.jpg,770ac551351b954645e4f3880673d29d0003e070849e7bc394d836fe086eea19,40813,593,300,1.976667,landscape,12.088977,0.681412,223.287133,80.02814,2.489913,0.179309,0.118145,0.140082,
legacy-test:test2:177,sha256:f228dd470511d5d75b8f861dee2614b5e0c7adb631a86051bfa8145bc3fe12b2,443,TEST2.DAT,177,178,TEST2.DAT:3,Несинусоидальные токи,images/TEST2_177.jpg,f228dd470511d5d75b8f861dee2614b5e0c7adb631a86051bfa8145bc3fe12b2,42077,587,286,2.052448,landscape,12.031017,0.719033,218.530313,86.015574,2.489777,0.179501,0.138288,0.147279,
legacy-test:test2:178,sha256:28550293455bb6279ceb9075ec9ccc9931356fcef528663f7cc7db9d39924602,444,TEST2.DAT,178,179,TEST2.DAT:3,Несинусоидальные токи,images/TEST2_178.jpg,28550293455bb6279ceb9075ec9ccc9931356fcef528663f7cc7db9d39924602,42139,584,314,1.859873,landscape,12.119294,0.620508,221.878474,81.678428,2.541187,0.181403,0.124138,0.138883,
legacy-test:test2:179,sha256:9acbe66db7949d1bc0a145c56a7762b1c530163dfda00b241c13bd4aea433cab,445,TEST2.DAT,179,180,TEST2.DAT:3,Несинусоидальные токи,images/TEST2_179.jpg,9acbe66db7949d1bc0a145c56a7762b1c530163dfda00b241c13bd4aea433cab,44231,591,299,1.976589,landscape,12.08226,0.681372,219.585064,83.938238,2.800282,0.198988,0.132342,0.154991,
legacy-test:test2:180,sha256:f362dfe007b9d065e4a9d0267e0697369a7a60a56d0f3e093635c232f2691e3b,446,TEST2.DAT,180,181,TEST2.DAT:3,Несинусоидальные токи,images/TEST2_180.jpg,f362dfe007b9d065e4a9d0267e0697369a7a60a56d0f3e093635c232f2691e3b,39265,592,310,1.909677,landscape,12.120079,0.646934,223.996066,79.461824,2.365764,0.165911,0.116151,0.126288,
legacy-test:test2:181,sha256:b5ea03ee46571d1b41b47fbbade16877184195c07eb9c3c604aa49351b97d399,447,TEST2.DAT,181,182,TEST2.DAT:3,Несинусоидальные токи,images/TEST2_181.jpg,b5ea03ee46571d1b41b47fbbade16877184195c07eb9c3c604aa49351b97d399,41383,579,317,1.826498,landscape,12.120204,0.602401,223.859853,79.331667,2.522457,0.176351,0.115782,0.142555,
legacy-test:test2:182,sha256:9f82b4b122484e9efd0b1727f36f8a6ffa7d359466de1cdb72cf3edc970be556,448,TEST2.DAT,182,183,TEST2.DAT:3,Несинусоидальные токи,images/TEST2_182.jpg,9f82b4b122484e9efd0b1727f36f8a6ffa7d359466de1cdb72cf3edc970be556,45059,584,284,2.056338,landscape,12.018875,0.720927,215.493711,88.011033,2.984705,0.218816,0.148376,0.166862,
legacy-test:test2:183,sha256:aa69a5404903cd705476b29f3fb04da6a10ab3c08e9948f3d7782b72b31e9b0e,449,TEST2.DAT,183,184,TEST2.DAT:3,Несинусоидальные токи,images/TEST2_183.jpg,aa69a5404903cd705476b29f3fb04da6a10ab3c08e9948f3d7782b72b31e9b0e,39490,587,324,1.811728,landscape,12.155768,0.594281,224.907355,78.407097,2.253888,0.162686,0.112615,0.123847,
legacy-test:test2:184,sha256:0fdb77b006cb26ee695943b0a4fcc368d7e3914afb0b374f77d5d46dee00a254,450,TEST2.DAT,184,185,TEST2.DAT:3,Несинусоидальные токи,images/TEST2_184.jpg,0fdb77b006cb26ee695943b0a4fcc368d7e3914afb0b374f77d5d46dee00a254,43687,590,327,1.804281,landscape,12.170083,0.590162,222.391163,81.126918,2.501153,0.179708,0.122096,0.138305,
legacy-test:test2:185,sha256:3cb797ff2cdebab24de3c05bc418a9fb00cf6cbb1bb323c28646d799aa46e196,451,TEST2.DAT,185,186,TEST2.DAT:4,Трехфазные цепи,images/TEST2_185.jpg,3cb797ff2cdebab24de3c05bc418a9fb00cf6cbb1bb323c28646d799aa46e196,18792,427,187,2.283422,landscape,11.287893,0.825675,236.612982,50.510213,3.701217,0.202808,0.036607,0.200356,
legacy-test:test2:186,sha256:d382c6d1c7df25fcf99c5e4d0cb0c5da5cbbd55aa82dce8560bcb6b850894255,452,TEST2.DAT,186,187,TEST2.DAT:4,Трехфазные цепи,images/TEST2_186.jpg,d382c6d1c7df25fcf99c5e4d0cb0c5da5cbbd55aa82dce8560bcb6b850894255,10878,425,116,3.663793,landscape,10.805679,1.298499,238.315862,47.898149,3.18095,0.181501,0.031278,0.191241,
legacy-test:test2:187,sha256:c7dc1b35f2065a7e7e2aa4d54a7473beab5d10d5e174094e68ee57a6d75433dd,453,TEST2.DAT,187,188,TEST2.DAT:4,Трехфазные цепи,images/TEST2_187.jpg,c7dc1b35f2065a7e7e2aa4d54a7473beab5d10d5e174094e68ee57a6d75433dd,13786,461,122,3.778689,landscape,10.937419,1.329377,235.667864,51.496836,3.617896,0.21628,0.038121,0.210221,
legacy-test:test2:188,sha256:bba0cba2b2747549c45d1b40b704c8a5d9d24dc343c6c348e6da250370e88c6a,454,TEST2.DAT,188,189,TEST2.DAT:4,Трехфазные цепи,images/TEST2_188.jpg,bba0cba2b2747549c45d1b40b704c8a5d9d24dc343c6c348e6da250370e88c6a,16370,498,216,2.305556,landscape,11.585878,0.835322,241.561979,45.370524,2.502875,0.131693,0.030883,0.124105,
legacy-test:test2:189,sha256:8584ed15cf214ba79a4b5abe3bc7531cc8c27d0681f791f4a5076007235af0a7,455,TEST2.DAT,189,190,TEST2.DAT:4,Трехфазные цепи,images/TEST2_189.jpg,8584ed15cf214ba79a4b5abe3bc7531cc8c27d0681f791f4a5076007235af0a7,20401,498,229,2.174672,landscape,11.644322,0.776878,238.692876,49.996402,2.939472,0.155618,0.038012,0.154105,
legacy-test:test2:190,sha256:4c7be5a44960c9d098a36b85cf25b8a75818d54abbb66dcf1310abec6f63ef89,456,TEST2.DAT,190,191,TEST2.DAT:4,Трехфазные цепи,images/TEST2_190.jpg,4c7be5a44960c9d098a36b85cf25b8a75818d54abbb66dcf1310abec6f63ef89,19454,500,195,2.564103,landscape,11.487608,0.941609,236.871877,53.127591,3.113288,0.171621,0.043374,0.169413,
legacy-test:test2:191,sha256:a13d9b072fd608e76aebe366c54107a6f657e0e1a7c95c856b204dd71770953d,457,TEST2.DAT,191,192,TEST2.DAT:4,Трехфазные цепи,images/TEST2_191.jpg,a13d9b072fd608e76aebe366c54107a6f657e0e1a7c95c856b204dd71770953d,19422,493,218,2.261468,landscape,11.585004,0.816014,238.021689,51.74479,2.954949,0.153097,0.041331,0.152203,
legacy-test:test2:192,sha256:5eef16e640e4aee397dcc0d63af16085880a77f82188790a32c87fc32b816d6f,458,TEST2.DAT,192,193,TEST2.DAT:4,Трехфазные цепи,images/TEST2_192.jpg,5eef16e640e4aee397dcc0d63af16085880a77f82188790a32c87fc32b816d6f,23994,502,164,3.060976,landscape,11.318467,1.118734,226.506462,64.741477,4.219918,0.283379,0.069175,0.255642,
legacy-test:test2:193,sha256:7e21d30e3b1dbb660a034fe8b4dd22c60cf2085c7c97930aa74240b543dba6b3,459,TEST2.DAT,193,194,TEST2.DAT:4,Трехфазные цепи,images/TEST2_193.jpg,7e21d30e3b1dbb660a034fe8b4dd22c60cf2085c7c97930aa74240b543dba6b3,22114,527,150,3.513333,landscape,11.277836,1.256565,229.896357,61.414956,3.897772,0.247122,0.060506,0.234402,
legacy-test:test2:194,sha256:93972122ff903ef3a9914c083caa747c4d141f589384d7c58ce2d87ac94c8f6d,460,TEST2.DAT,194,195,TEST2.DAT:4,Трехфазные цепи,images/TEST2_194.jpg,93972122ff903ef3a9914c083caa747c4d141f589384d7c58ce2d87ac94c8f6d,25078,507,191,2.65445,landscape,11.480784,0.976238,232.949926,57.27734,3.667272,0.223282,0.050993,0.220923,
legacy-test:test2:195,sha256:c3534eaa84e7ef2d9744441af41b6767982fb05de86065301fad5865c6f4f401,461,TEST2.DAT,195,196,TEST2.DAT:4,Трехфазные цепи,images/TEST2_195.jpg,c3534eaa84e7ef2d9744441af41b6767982fb05de86065301fad5865c6f4f401,23811,493,157,3.140127,landscape,11.256755,1.144263,228.830441,60.886682,4.183925,0.272606,0.058139,0.272899,
legacy-test:test2:196,sha256:473b980f1f96524239d736a40609972547842d6629f76c7b16e561d910cdac5c,462,TEST2.DAT,196,197,TEST2.DAT:4,Трехфазные цепи,images/TEST2_196.jpg,473b980f1f96524239d736a40609972547842d6629f76c7b16e561d910cdac5c,23143,487,177,2.751412,landscape,11.364414,1.012114,231.398079,59.091887,3.820199,0.234771,0.055151,0.235358,
legacy-test:test2:197,sha256:be84c7542e1cbb5c8bdcb869a90d21f2d905ed310a573e62184823dfd061c50f,463,TEST2.DAT,197,198,TEST2.DAT:4,Трехфазные цепи,images/TEST2_197.jpg,be84c7542e1cbb5c8bdcb869a90d21f2d905ed310a573e62184823dfd061c50f,22587,491,243,2.020576,landscape,11.689506,0.703383,236.902274,52.404344,3.149698,0.174843,0.041672,0.170795,
legacy-test:test2:198,sha256:adf7ea16eba8bc1914c76933aee96f2ffd32e26b4690a725c9020c4cc03884d5,464,TEST2.DAT,198,199,TEST2.DAT:4,Трехфазные цепи,images/TEST2_198.jpg,adf7ea16eba8bc1914c76933aee96f2ffd32e26b4690a725c9020c4cc03884d5,20594,502,216,2.324074,landscape,11.593879,0.843322,238.318642,50.695346,2.984798,0.160285,0.039398,0.158327,
legacy-test:test2:199,sha256:2319ab59f2a224892b7a2827a850a6a1a66371287d4f9fef8bdfa2cd638df1ee,465,TEST2.DAT,199,200,TEST2.DAT:4,Трехфазные цепи,images/TEST2_199.jpg,2319ab59f2a224892b7a2827a850a6a1a66371287d4f9fef8bdfa2cd638df1ee,12492,516,132,3.909091,landscape,11.128909,1.363305,239.498458,49.103778,2.919193,0.150928,0.036822,0.15413,
legacy-test:test2:200,sha256:bfa043d7dfc035a1b2398f3b670b7de6d297e8125958d4204de9638926201ca2,466,TEST2.DAT,200,201,TEST2.DAT:4,Трехфазные цепи,images/TEST2_200.jpg,bfa043d7dfc035a1b2398f3b670b7de6d297e8125958d4204de9638926201ca2,33557,518,284,1.823944,landscape,11.898949,0.601001,232.233095,59.231897,3.565549,0.215747,0.055475,0.200258,
legacy-test:test2:201,sha256:2b9c5d5d77bc4d69e5460b0375bbe629d20935f82434ecec965a1271dec8297a,467,TEST2.DAT,201,202,TEST2.DAT:4,Трехфазные цепи,images/TEST2_201.jpg,2b9c5d5d77bc4d69e5460b0375bbe629d20935f82434ecec965a1271dec8297a,19909,500,193,2.590674,landscape,11.477298,0.951918,235.882,54.269182,3.164115,0.189016,0.045855,0.178189,
legacy-test:test2:202,sha256:cf56807df179f50a9cf0437d87aee264dc08e348d45a6dc2427d68b3d50be4ad,468,TEST2.DAT,202,203,TEST2.DAT:4,Трехфазные цепи,images/TEST2_202.jpg,cf56807df179f50a9cf0437d87aee264dc08e348d45a6dc2427d68b3d50be4ad,31222,498,270,1.844444,landscape,11.809022,0.612178,236.026223,52.877049,3.38247,0.18967,0.041789,0.206736,
legacy-test:test2:203,sha256:f1e258f95e89d192cdf3afc0060c141657ca4ac5bca40c314af1692c8207fc3f,469,TEST2.DAT,203,204,TEST2.DAT:4,Трехфазные цепи,images/TEST2_203.jpg,f1e258f95e89d192cdf3afc0060c141657ca4ac5bca40c314af1692c8207fc3f,22237,508,225,2.257778,landscape,11.646582,0.814381,238.76315,48.958585,3.019586,0.165949,0.035206,0.168702,
legacy-test:test2:204,sha256:d7804e141a42e988049e09df11097595dca9706dda54627b3376e14d01e003df,470,TEST2.DAT,204,205,TEST2.DAT:4,Трехфазные цепи,images/TEST2_204.jpg,d7804e141a42e988049e09df11097595dca9706dda54627b3376e14d01e003df,9007,539,161,3.347826,landscape,11.37112,1.208311,246.129006,36.784239,1.849295,0.08048,0.019705,0.077369,
legacy-test:test2:205,sha256:dbabd78f5e85340c7032c41e0efee846d74996416b233f180aaeee4516bb5e3a,471,TEST2.DAT,205,206,TEST2.DAT:4,Трехфазные цепи,images/TEST2_205.jpg,dbabd78f5e85340c7032c41e0efee846d74996416b233f180aaeee4516bb5e3a,19473,541,189,2.862434,landscape,11.535166,1.051672,238.199376,49.732513,3.029641,0.180774,0.037301,0.167859,
legacy-test:test2:206,sha256:918ca0ea6dde22cfc4508b4233f05da1a529ad7f9d7af09c360669a4d8c657f3,472,TEST2.DAT,206,207,TEST2.DAT:4,Трехфазные цепи,images/TEST2_206.jpg,918ca0ea6dde22cfc4508b4233f05da1a529ad7f9d7af09c360669a4d8c657f3,21156,543,170,3.194118,landscape,11.432908,1.161311,236.008656,52.068709,3.354464,0.205872,0.039736,0.197672,
legacy-test:test2:207,sha256:43c146b3e74cc50d5dd28987f74de423849a1a4a1b2efaa19a310d8744036b50,473,TEST2.DAT,207,208,TEST2.DAT:4,Трехфазные цепи,images/TEST2_207.jpg,43c146b3e74cc50d5dd28987f74de423849a1a4a1b2efaa19a310d8744036b50,22403,521,216,2.412037,landscape,11.631028,0.880472,239.180014,47.701548,3.126635,0.169324,0.033065,0.172339,
legacy-test:test2:208,sha256:c42d025c7c0c2446f274b9bea10a949fd7a97f7040465a3b41e8d01e77b623e8,474,TEST2.DAT,208,209,TEST2.DAT:4,Трехфазные цепи,images/TEST2_208.jpg,c42d025c7c0c2446f274b9bea10a949fd7a97f7040465a3b41e8d01e77b623e8,21171,509,157,3.242038,landscape,11.288694,1.176202,232.584373,57.667869,3.660305,0.228223,0.052069,0.225361,
legacy-test:test2:209,sha256:832977ac5481099b904a66201bf033cd41b0cf5c3c9094f044ab142d896df12b,475,TEST2.DAT,209,210,TEST2.DAT:4,Трехфазные цепи,images/TEST2_209.jpg,832977ac5481099b904a66201bf033cd41b0cf5c3c9094f044ab142d896df12b,28447,507,236,2.148305,landscape,11.692343,0.764679,234.78867,54.55574,3.552479,0.210569,0.046159,0.214031,
legacy-test:test2:210,sha256:b6d1f345f7c85f2f2b9f7a76366b35dd47c765ccf8d3e153876c3b3d608eafbe,476,TEST2.DAT,210,211,TEST2.DAT:4,Трехфазные цепи,images/TEST2_210.jpg,b6d1f345f7c85f2f2b9f7a76366b35dd47c765ccf8d3e153876c3b3d608eafbe,26221,491,183,2.68306,landscape,11.40593,0.986958,230.419919,59.941495,4.133117,0.255885,0.057405,0.259149,
legacy-test:test2:211,sha256:0b53de71ea5647c67fdd487cb2cba8c1bc05b8288cb1c9582cedaf7427f6318d,477,TEST2.DAT,211,212,TEST2.DAT:4,Трехфазные цепи,images/TEST2_211.jpg,0b53de71ea5647c67fdd487cb2cba8c1bc05b8288cb1c9582cedaf7427f6318d,26731,512,182,2.813187,landscape,11.442331,1.034318,230.349545,60.539535,4.084284,0.252597,0.058583,0.250251,
legacy-test:test2:212,sha256:d5c6918148b588cc1927ab818a8c81bc7e75dc3c6910e9fbd28616b784e1719f,478,TEST2.DAT,212,213,TEST2.DAT:4,Трехфазные цепи,images/TEST2_212.jpg,d5c6918148b588cc1927ab818a8c81bc7e75dc3c6910e9fbd28616b784e1719f,27044,532,245,2.171429,landscape,11.777902,0.775385,237.066787,51.547658,3.272951,0.179684,0.040287,0.185193,
legacy-test:test2:213,sha256:b2086595805b7ae8b83f5d8406bffef31e50e5c649c6c718b24b5b898a5bf447,479,TEST2.DAT,213,214,TEST2.DAT:4,Трехфазные цепи,images/TEST2_213.jpg,b2086595805b7ae8b83f5d8406bffef31e50e5c649c6c718b24b5b898a5bf447,26321,532,252,2.111111,landscape,11.806073,0.747214,237.732165,50.842732,3.124606,0.169889,0.038855,0.175336,
legacy-test:test2:214,sha256:b5429ffa33ef643d81ad63bb3d15a6abe8f435cfc5a557355fff5adfc9929264,480,TEST2.DAT,214,215,TEST2.DAT:4,Трехфазные цепи,images/TEST2_214.jpg,b5429ffa33ef643d81ad63bb3d15a6abe8f435cfc5a557355fff5adfc9929264,28111,500,241,2.074689,landscape,11.699405,0.729811,236.112797,51.960678,3.517815,0.201992,0.040216,0.207911,
legacy-test:test2:215,sha256:91cb5c4217cbc0ee12002bc03ab64757195ee9bed2d8f071997159d6b9e838d0,481,TEST2.DAT,215,216,TEST2.DAT:4,Трехфазные цепи,images/TEST2_215.jpg,91cb5c4217cbc0ee12002bc03ab64757195ee9bed2d8f071997159d6b9e838d0,15724,505,114,4.429825,landscape,10.960757,1.48836,227.337815,64.546763,3.978761,0.262133,0.068595,0.239296,
legacy-test:test2:216,sha256:c98f960c61c7cb6d9d0ccd7afdfdb5b4a544f11f3f0cf8b19b2b44a53749b247,482,TEST2.DAT,216,217,TEST2.DAT:4,Трехфазные цепи,images/TEST2_216.jpg,c98f960c61c7cb6d9d0ccd7afdfdb5b4a544f11f3f0cf8b19b2b44a53749b247,17928,491,112,4.383929,landscape,10.914943,1.477945,224.864398,66.175637,4.418708,0.305063,0.072501,0.278695,
legacy-test:test2:217,sha256:c527b56ff6a90c4a4071c9dedf96f0f906eecf8da91470d2ec465b619caca63c,483,TEST2.DAT,217,218,TEST2.DAT:4,Трехфазные цепи,images/TEST2_217.jpg,c527b56ff6a90c4a4071c9dedf96f0f906eecf8da91470d2ec465b619caca63c,24799,520,291,1.786942,landscape,11.927152,0.580506,239.689929,48.792126,2.724004,0.145414,0.03603,0.136237,
legacy-test:test2:218,sha256:d74b71a334f7a0c4742770e4fb862f5671396762296876503182dcd293bec42f,484,TEST2.DAT,218,219,TEST2.DAT:4,Трехфазные цепи,images/TEST2_218.jpg,d74b71a334f7a0c4742770e4fb862f5671396762296876503182dcd293bec42f,28610,507,218,2.325688,landscape,11.613006,0.844016,229.237148,62.882637,3.931382,0.241355,0.064338,0.223552,
legacy-test:test2:219,sha256:6d3a08dca5df39a48295027c2135bdbf1ef0ea0f453ce883ec98896d606dbeae,485,TEST2.DAT,219,220,TEST2.DAT:4,Трехфазные цепи,images/TEST2_219.jpg,6d3a08dca5df39a48295027c2135bdbf1ef0ea0f453ce883ec98896d606dbeae,23074,514,209,2.45933,landscape,11.584558,0.899889,235.208841,54.29997,3.347339,0.21451,0.045566,0.186689,
legacy-test:test2:220,sha256:5360208feb337e749fd519e3419f05808fa41c790213916c5e2f5846f994111d,486,TEST2.DAT,220,221,TEST2.DAT:4,Трехфазные цепи,images/TEST2_220.jpg,5360208feb337e749fd519e3419f05808fa41c790213916c5e2f5846f994111d,15583,507,146,3.472603,landscape,11.212118,1.244904,236.703237,50.984581,3.253946,0.202751,0.038745,0.186015,
legacy-test:test2:221,sha256:77d6d3d6ae4feacce4a2b1a2fb3a2440b5106c2de47eea0912db3f1a488778e4,487,TEST2.DAT,221,222,TEST2.DAT:4,Трехфазные цепи,images/TEST2_221.jpg,77d6d3d6ae4feacce4a2b1a2fb3a2440b5106c2de47eea0912db3f1a488778e4,28636,604,335,1.802985,landscape,12.217705,0.589444,237.339814,60.924957,1.647719,0.096585,0.063888,0.084079,
legacy-test:test2:222,sha256:e81fa776a6ba8d361fb3527c2a73251da8992f0d9f0d06853b257be4167c0179,488,TEST2.DAT,222,223,TEST2.DAT:4,Трехфазные цепи,images/TEST2_222.jpg,e81fa776a6ba8d361fb3527c2a73251da8992f0d9f0d06853b257be4167c0179,40193,601,344,1.747093,landscape,12.239237,0.557953,225.769952,77.715205,2.15887,0.149905,0.109706,0.11488,
legacy-test:test2:223,sha256:57d017caee6f57f502c6ad52435b71213ee1b7f1d9032ebcdbf7c31ca77853b9,489,TEST2.DAT,223,224,TEST2.DAT:4,Трехфазные цепи,images/TEST2_223.jpg,57d017caee6f57f502c6ad52435b71213ee1b7f1d9032ebcdbf7c31ca77853b9,28253,605,216,2.800926,landscape,11.780507,1.02995,221.615603,82.461551,2.329957,0.169911,0.126163,0.126238,
legacy-test:test2:224,sha256:599bbbaedaebcc3519028dd68edbcd2e2433a2b186a0a295376e87c8df5c3b03,490,TEST2.DAT,224,225,TEST2.DAT:4,Трехфазные цепи,images/TEST2_224.jpg,599bbbaedaebcc3519028dd68edbcd2e2433a2b186a0a295376e87c8df5c3b03,28069,601,236,2.54661,landscape,11.862427,0.934763,226.096802,76.874269,2.265319,0.159395,0.107638,0.117075,
legacy-test:test2:225,sha256:7653fc0df2ceb048112fce7f8b3bc8d8fdb571895dbb2c7a679271ec6ce6bb03,491,TEST2.DAT,225,226,TEST2.DAT:4,Трехфазные цепи,images/TEST2_225.jpg,7653fc0df2ceb048112fce7f8b3bc8d8fdb571895dbb2c7a679271ec6ce6bb03,22607,589,181,3.254144,landscape,11.576923,1.179929,221.556801,82.664995,2.26559,0.166956,0.126668,0.123067,
legacy-test:test2:226,sha256:eecb765e3f9f9764c57d5c19e3eda00ed39133b4ded4675c1862301a5eeb3287,492,TEST2.DAT,226,227,TEST2.DAT:4,Трехфазные цепи,images/TEST2_226.jpg,eecb765e3f9f9764c57d5c19e3eda00ed39133b4ded4675c1862301a5eeb3287,19896,595,236,2.521186,landscape,11.852393,0.92473,234.74985,65.485727,1.657773,0.102742,0.074612,0.082076,
legacy-test:test2:227,sha256:c61826fae2a04750fa85f2647f0cd78661a123d70ff612927c6ebc42ba3f0dab,493,TEST2.DAT,227,228,TEST2.DAT:4,Трехфазные цепи,images/TEST2_227.jpg,c61826fae2a04750fa85f2647f0cd78661a123d70ff612927c6ebc42ba3f0dab,20471,579,224,2.584821,landscape,11.772949,0.949656,232.645263,68.308393,1.89244,0.120705,0.082262,0.094657,
legacy-test:test2:228,sha256:92e27835858b6c333a95519989f72f25e0297a41bf64edce0db565e9ca7184a4,494,TEST2.DAT,228,229,TEST2.DAT:4,Трехфазные цепи,images/TEST2_228.jpg,92e27835858b6c333a95519989f72f25e0297a41bf64edce0db565e9ca7184a4,19351,593,256,2.316406,landscape,11.930372,0.840017,236.167501,63.098119,1.520498,0.097136,0.069153,0.074037,
legacy-test:test2:229,sha256:3abec8d3fe77f5945f8a086ab8c2714448cad868b43be6975213a1a43b251e8d,495,TEST2.DAT,229,230,TEST2.DAT:4,Трехфазные цепи,images/TEST2_229.jpg,3abec8d3fe77f5945f8a086ab8c2714448cad868b43be6975213a1a43b251e8d,23882,591,312,1.894231,landscape,12.124819,0.638813,235.1514,64.954793,1.575339,0.096664,0.073506,0.071975,
legacy-test:test2:230,sha256:292c225f371a55233c9a6275d53807c115a370e07974b44aab308d7865d95aa0,496,TEST2.DAT,230,231,TEST2.DAT:4,Трехфазные цепи,images/TEST2_230.jpg,292c225f371a55233c9a6275d53807c115a370e07974b44aab308d7865d95aa0,16962,589,277,2.126354,landscape,12.002444,0.754409,241.754887,52.905327,1.210716,0.067801,0.04725,0.057209,
legacy-test:test2:231,sha256:687dae54f8c309f173107e9ad921b68b60601cc3d64d415dbef1e9e0c09ca216,497,TEST2.DAT,231,232,TEST2.DAT:4,Трехфазные цепи,images/TEST2_231.jpg,687dae54f8c309f173107e9ad921b68b60601cc3d64d415dbef1e9e0c09ca216,21292,587,251,2.338645,landscape,11.900478,0.849572,235.072297,64.621292,1.725426,0.108398,0.072826,0.083452,
legacy-test:test2:232,sha256:7d4067a7f78ff34bd9086e858201f95f129f7b044ec1a26969ffd1f2a0cf6970,498,TEST2.DAT,232,233,TEST2.DAT:4,Трехфазные цепи,images/TEST2_232.jpg,7d4067a7f78ff34bd9086e858201f95f129f7b044ec1a26969ffd1f2a0cf6970,31029,589,279,2.111111,landscape,12.009638,0.747214,225.318881,78.326491,2.145189,0.14957,0.111641,0.112079,
legacy-test:test2:233,sha256:2a634ba6260a6634b91d4c54bba083312506bc839a82347e794cb13b0044008d,499,TEST2.DAT,233,234,TEST2.DAT:4,Трехфазные цепи,images/TEST2_233.jpg,2a634ba6260a6634b91d4c54bba083312506bc839a82347e794cb13b0044008d,31602,578,348,1.66092,landscape,12.211776,0.507371,232.183406,69.21018,1.86208,0.118353,0.084353,0.093695,
legacy-test:test2:234,sha256:5f1b8a0cfaec81b3e33b9f20882ebccbba572637ee1ef07a5e5d2dc4d8651f42,500,TEST2.DAT,234,235,TEST2.DAT:4,Трехфазные цепи,images/TEST2_234.jpg,5f1b8a0cfaec81b3e33b9f20882ebccbba572637ee1ef07a5e5d2dc4d8651f42,20840,600,284,2.112676,landscape,12.045904,0.747955,236.931074,61.985226,1.503151,0.089214,0.066362,0.066297,
legacy-test:test2:235,sha256:a65feb09bf67e79d0d6ce963f2c6a2c444aa16cade7a95e85f730037e4d9852b,501,TEST2.DAT,235,236,TEST2.DAT:4,Трехфазные цепи,images/TEST2_235.jpg,a65feb09bf67e79d0d6ce963f2c6a2c444aa16cade7a95e85f730037e4d9852b,20820,592,249,2.37751,landscape,11.90096,0.866054,234.304895,66.155179,1.758069,0.103807,0.076312,0.078076,
legacy-test:test2:236,sha256:56c54d13c6d915e62f8e224a0b96c5a4f0da3eecec9db6c327d4b42c3b253deb,502,TEST2.DAT,236,237,TEST2.DAT:4,Трехфазные цепи,images/TEST2_236.jpg,56c54d13c6d915e62f8e224a0b96c5a4f0da3eecec9db6c327d4b42c3b253deb,32618,580,304,1.907895,landscape,12.080056,0.646,225.384953,78.28095,2.073098,0.148922,0.111604,0.107192,
legacy-test:test2:237,sha256:b3cad5be7d0f0ae7676fcd72baad90594999ffb311902bba40244222821e95f8,503,TEST2.DAT,237,238,TEST2.DAT:5,Вопросы теории,images/TEST2_237.jpg,b3cad5be7d0f0ae7676fcd72baad90594999ffb311902bba40244222821e95f8,31206,624,374,1.668449,landscape,12.360406,0.511895,242.267615,50.983883,1.599111,0.080625,0.043526,0.091644,
legacy-test:test2:238,sha256:9d47d39f00c301632876bbb87d6586671fe4206693db4db7c42f263ecb57e6ad,504,TEST2.DAT,238,239,TEST2.DAT:5,Вопросы теории,images/TEST2_238.jpg,9d47d39f00c301632876bbb87d6586671fe4206693db4db7c42f263ecb57e6ad,35053,624,374,1.668449,landscape,12.360406,0.511895,240.423463,54.728023,1.767267,0.091162,0.050584,0.103594,
legacy-test:test2:239,sha256:795ce549cdb0bd76e28712a39daa3b904b81a6022dd792b1f674e7e212e41985,505,TEST2.DAT,239,240,TEST2.DAT:5,Вопросы теории,images/TEST2_239.jpg,795ce549cdb0bd76e28712a39daa3b904b81a6022dd792b1f674e7e212e41985,27549,624,374,1.668449,landscape,12.360406,0.511895,243.913504,47.485707,1.426539,0.068002,0.037459,0.077806,
legacy-test:test2:240,sha256:2576bd8e5e55e3ae2e1234aa159d744a9663cd0537b8a3d4d49dd59f6a515edb,506,TEST2.DAT,240,241,TEST2.DAT:5,Вопросы теории,images/TEST2_240.jpg,2576bd8e5e55e3ae2e1234aa159d744a9663cd0537b8a3d4d49dd59f6a515edb,34148,624,374,1.668449,landscape,12.360406,0.511895,241.051822,53.60449,1.69,0.084426,0.048415,0.102721,
legacy-test:test2:241,sha256:db9b7b3c372c17e7396888ac849bad0684ca7363ab3c1e29ae3c6241d477d778,507,TEST2.DAT,241,242,TEST2.DAT:5,Вопросы теории,images/TEST2_241.jpg,db9b7b3c372c17e7396888ac849bad0684ca7363ab3c1e29ae3c6241d477d778,27144,624,374,1.668449,landscape,12.360406,0.511895,244.317243,46.583139,1.415147,0.063661,0.036019,0.079677,
legacy-test:test2:242,sha256:ca98ab510927e5feb0c8614c25f623e9a16aedd50be7f99fe638b500356cbe38,508,TEST2.DAT,242,243,TEST2.DAT:5,Вопросы теории,images/TEST2_242.jpg,ca98ab510927e5feb0c8614c25f623e9a16aedd50be7f99fe638b500356cbe38,24390,624,374,1.668449,landscape,12.360406,0.511895,245.422614,44.092021,1.247168,0.055691,0.032056,0.069171,
legacy-test:test2:243,sha256:ae84c8725dae8088d0bc00d334630c3d366a7c71c6f1ba5bfff66da891af8e1b,509,TEST2.DAT,243,244,TEST2.DAT:5,Вопросы теории,images/TEST2_243.jpg,ae84c8725dae8088d0bc00d334630c3d366a7c71c6f1ba5bfff66da891af8e1b,24365,624,374,1.668449,landscape,12.360406,0.511895,245.604775,43.565624,1.271733,0.05582,0.031263,0.069577,
legacy-test:test2:244,sha256:adf7adf21c56dbb4a60d8a839fcb49df0ddb5695c645fcd7253231788d90c8e5,510,TEST2.DAT,244,245,TEST2.DAT:5,Вопросы теории,images/TEST2_244.jpg,adf7adf21c56dbb4a60d8a839fcb49df0ddb5695c645fcd7253231788d90c8e5,41146,624,374,1.668449,landscape,12.360406,0.511895,238.015991,59.096023,2.004883,0.105392,0.059736,0.126128,
legacy-test:test2:245,sha256:68efdc312934eb0170d41bf0980fadcfb733335aca749429d4f0df17803c8c9c,511,TEST2.DAT,245,246,TEST2.DAT:5,Вопросы теории,images/TEST2_245.jpg,68efdc312934eb0170d41bf0980fadcfb733335aca749429d4f0df17803c8c9c,43350,624,374,1.668449,landscape,12.360406,0.511895,237.165818,60.579612,2.072028,0.110526,0.06295,0.132896,
legacy-test:test2:246,sha256:2a711789f85af9bc4feaa2ad9c4155d6e3b1c48b8063a4cc7f79244c14d721bf,512,TEST2.DAT,246,247,TEST2.DAT:5,Вопросы теории,images/TEST2_246.jpg,2a711789f85af9bc4feaa2ad9c4155d6e3b1c48b8063a4cc7f79244c14d721bf,39173,624,374,1.668449,landscape,12.360406,0.511895,238.810803,57.862706,1.895901,0.098065,0.056917,0.115457,
legacy-test:test2:247,sha256:a71a7beaeb30840593b9c18545e95902ac6f3851799d4b3f542ceccfca96c52f,513,TEST2.DAT,247,248,TEST2.DAT:5,Вопросы теории,images/TEST2_247.jpg,a71a7beaeb30840593b9c18545e95902ac6f3851799d4b3f542ceccfca96c52f,22370,624,374,1.668449,landscape,12.360406,0.511895,246.057555,42.563625,1.164016,0.050674,0.029785,0.061538,
legacy-test:test2:248,sha256:4f5144e9e10cb20cd57e5f26943a6fc0562b272a0349b413d57e8a73cf04a455,514,TEST2.DAT,248,249,TEST2.DAT:5,Вопросы теории,images/TEST2_248.jpg,4f5144e9e10cb20cd57e5f26943a6fc0562b272a0349b413d57e8a73cf04a455,24229,624,374,1.668449,landscape,12.360406,0.511895,245.254413,44.521604,1.25705,0.056248,0.032707,0.069711,
legacy-test:test2:249,sha256:fc61a4d8345d6ef5df804eddf5850fd8199e40f460655630a8386c7e75043f5b,515,TEST2.DAT,249,250,TEST2.DAT:5,Вопросы теории,images/TEST2_249.jpg,fc61a4d8345d6ef5df804eddf5850fd8199e40f460655630a8386c7e75043f5b,54287,624,491,1.270876,landscape,12.632594,0.239706,237.76424,59.612179,2.002224,0.107052,0.060767,0.125977,
legacy-test:test2:250,sha256:cd3f17f4cbb91e8691cace2726e33784ed8a968b61c222f71a63a88f8bc5af4a,516,TEST2.DAT,250,251,TEST2.DAT:5,Вопросы теории,images/TEST2_250.jpg,cd3f17f4cbb91e8691cace2726e33784ed8a968b61c222f71a63a88f8bc5af4a,37839,624,374,1.668449,landscape,12.360406,0.511895,239.662193,56.285715,1.826322,0.092957,0.053583,0.113201,
legacy-test:test2:251,sha256:7fa13932a10d6cccfad306d90fcbed6dddfe9a7bc27cfb073190ebe5937f7771,517,TEST2.DAT,251,252,TEST2.DAT:5,Вопросы теории,images/TEST2_251.jpg,7fa13932a10d6cccfad306d90fcbed6dddfe9a7bc27cfb073190ebe5937f7771,20380,624,374,1.668449,landscape,12.360406,0.511895,246.917309,40.277698,1.057731,0.043595,0.026549,0.055298,
legacy-test:test2:252,sha256:9bc0b0f9867e5d73cc08069bd929d8e4272ea8dfe888e1ba621c6a5e64f5e017,518,TEST2.DAT,252,253,TEST2.DAT:5,Вопросы теории,images/TEST2_252.jpg,9bc0b0f9867e5d73cc08069bd929d8e4272ea8dfe888e1ba621c6a5e64f5e017,26835,624,374,1.668449,landscape,12.360406,0.511895,243.990972,47.489734,1.39226,0.062689,0.037545,0.077719,
legacy-test:test2:253,sha256:e6096760f2c2fbd01c741de9727ff73281967b80f12875c9cecffe4038b4f1a7,519,TEST2.DAT,253,254,TEST2.DAT:5,Вопросы теории,images/TEST2_253.jpg,e6096760f2c2fbd01c741de9727ff73281967b80f12875c9cecffe4038b4f1a7,40655,624,374,1.668449,landscape,12.360406,0.511895,238.182924,58.88343,2.001389,0.104651,0.059141,0.125078,
legacy-test:test2:254,sha256:eb30f545a13603eb14d1b73aa6b992bcfa57d44876a2600642fa679194ce7486,520,TEST2.DAT,254,255,TEST2.DAT:5,Вопросы теории,images/TEST2_254.jpg,eb30f545a13603eb14d1b73aa6b992bcfa57d44876a2600642fa679194ce7486,61445,624,374,1.668449,landscape,12.360406,0.511895,228.912823,72.257564,2.820457,0.172807,0.093227,0.1965,
legacy-test:test2:255,sha256:6496bdbbf143329971605cb9c5abfbc95ae16f7dd30ea2cbc557381e1495e3c1,521,TEST2.DAT,255,256,TEST2.DAT:5,Вопросы теории,images/TEST2_255.jpg,6496bdbbf143329971605cb9c5abfbc95ae16f7dd30ea2cbc557381e1495e3c1,28316,624,374,1.668449,landscape,12.360406,0.511895,243.971505,47.437588,1.480601,0.066438,0.037347,0.083039,
legacy-test:test2:256,sha256:878985bcb0b2f47d8ef14c333f0657b0b7f2904ffbcb0d8ee6ebef3d735dad68,522,TEST2.DAT,256,257,TEST2.DAT:5,Вопросы теории,images/TEST2_256.jpg,878985bcb0b2f47d8ef14c333f0657b0b7f2904ffbcb0d8ee6ebef3d735dad68,35618,624,374,1.668449,landscape,12.360406,0.511895,240.551899,54.59482,1.799127,0.088055,0.050245,0.107319,
legacy-test:test2:257,sha256:b7bdbf61b7bc464f7ae520b8994bc0d25acb7743dcebe807a8857e00e9db1856,523,TEST2.DAT,257,258,TEST2.DAT:5,Вопросы теории,images/TEST2_257.jpg,b7bdbf61b7bc464f7ae520b8994bc0d25acb7743dcebe807a8857e00e9db1856,28756,624,215,2.902326,landscape,11.806788,1.065512,236.671698,58.736907,2.530546,0.143277,0.058609,0.16487,
legacy-test:test2:258,sha256:6dc260af88676a51563120686ddcba55a029f378cf8ffefd941d4504876fab53,524,TEST2.DAT,258,259,TEST2.DAT:5,Вопросы теории,images/TEST2_258.jpg,6dc260af88676a51563120686ddcba55a029f378cf8ffefd941d4504876fab53,28965,624,374,1.668449,landscape,12.360406,0.511895,243.644265,48.139158,1.503963,0.067796,0.038594,0.083078,
legacy-test:test2:259,sha256:f1d240c3635d3b3defd441399b469abe336e907835225020d6d1c552ecf08703,525,TEST2.DAT,259,260,TEST2.DAT:5,Вопросы теории,images/TEST2_259.jpg,f1d240c3635d3b3defd441399b469abe336e907835225020d6d1c552ecf08703,41684,624,374,1.668449,landscape,12.360406,0.511895,238.035595,59.174772,2.027191,0.104732,0.059698,0.126832,
legacy-test:test2:260,sha256:dd66ba8125fea330d0e2c859a3e4eceb00e991bf047c57c212567899aaab9b24,526,TEST2.DAT,260,261,TEST2.DAT:5,Вопросы теории,images/TEST2_260.jpg,dd66ba8125fea330d0e2c859a3e4eceb00e991bf047c57c212567899aaab9b24,44743,624,458,1.362445,landscape,12.56302,0.309281,241.399791,52.076857,1.897127,0.098509,0.045495,0.11223,
legacy-test:test2:261,sha256:c1e609e0642d574104650e4b4f83a35a51ee2ebf00d9a2013117a26298f51355,527,TEST2.DAT,261,262,TEST2.DAT:5,Вопросы теории,images/TEST2_261.jpg,c1e609e0642d574104650e4b4f83a35a51ee2ebf00d9a2013117a26298f51355,23584,624,374,1.668449,landscape,12.360406,0.511895,245.704498,43.432477,1.224492,0.052405,0.031053,0.063989,
legacy-test:test2:262,sha256:5a8c82825d873b756a83bfa05bc1bc8144d93e07d09cd626f2a603bd31c71ccb,528,TEST2.DAT,262,263,TEST2.DAT:5,Вопросы теории,images/TEST2_262.jpg,5a8c82825d873b756a83bfa05bc1bc8144d93e07d09cd626f2a603bd31c71ccb,23151,624,374,1.668449,landscape,12.360406,0.511895,246.095297,42.095567,1.248667,0.05354,0.029159,0.063708,
legacy-test:test2:263,sha256:d9898e7a718861ac7405bbbb87f43d31d348be7c7db408f05f80950eb820079b,529,TEST2.DAT,263,264,TEST2.DAT:5,Вопросы теории,images/TEST2_263.jpg,d9898e7a718861ac7405bbbb87f43d31d348be7c7db408f05f80950eb820079b,29702,624,374,1.668449,landscape,12.360406,0.511895,243.048874,49.548263,1.526372,0.071276,0.040917,0.086678,
legacy-test:test2:264,sha256:6378217e6275da4ff75b6c22e24ba4117f96abdffb041c5e6ed57ac8f73eb785,530,TEST2.DAT,264,265,TEST2.DAT:5,Вопросы теории,images/TEST2_264.jpg,6378217e6275da4ff75b6c22e24ba4117f96abdffb041c5e6ed57ac8f73eb785,30532,624,374,1.668449,landscape,12.360406,0.511895,242.574176,50.326319,1.585065,0.077677,0.042322,0.091169,
legacy-test:test2:265,sha256:7a4f7fc3e2ea0d05edcbb8260f68d05a47e34f08a11bbe190bd57e1fe0ee299c,531,TEST2.DAT,265,266,TEST2.DAT:5,Вопросы теории,images/TEST2_265.jpg,7a4f7fc3e2ea0d05edcbb8260f68d05a47e34f08a11bbe190bd57e1fe0ee299c,29747,624,374,1.668449,landscape,12.360406,0.511895,242.627335,50.31216,1.53452,0.07595,0.042305,0.088666,
legacy-test:test2:266,sha256:a47b23e9225ff0bf0af424ded1f1233587fcc6ec47ef9b4857d1ca3fd993f8b0,532,TEST2.DAT,266,267,TEST2.DAT:5,Вопросы теории,images/TEST2_266.jpg,a47b23e9225ff0bf0af424ded1f1233587fcc6ec47ef9b4857d1ca3fd993f8b0,20379,624,374,1.668449,landscape,12.360406,0.511895,246.724582,40.817352,1.089555,0.044555,0.027252,0.057774,
legacy-test:test2:267,sha256:504d31b9bc26bf96d37e3fd24e6a7341186b200f3fbf7b63556ff5c005a3e7c8,533,TEST2.DAT,267,268,TEST2.DAT:5,Вопросы теории,images/TEST2_267.jpg,504d31b9bc26bf96d37e3fd24e6a7341186b200f3fbf7b63556ff5c005a3e7c8,33321,624,374,1.668449,landscape,12.360406,0.511895,240.845061,54.158146,1.710789,0.083599,0.049444,0.09986,
legacy-test:test2:268,sha256:aef8adee4d2b5f11714b96ee02fd8f791c54e970425d61da3236219babcf45cb,534,TEST2.DAT,268,269,TEST2.DAT:5,Вопросы теории,images/TEST2_268.jpg,aef8adee4d2b5f11714b96ee02fd8f791c54e970425d61da3236219babcf45cb,28015,624,374,1.668449,landscape,12.360406,0.511895,243.881213,47.71548,1.404729,0.065817,0.037802,0.081242,
legacy-test:test2:269,sha256:5af193607e4fdf6a2b14ac2a49ce1268fab686b03bb46baea82604969a0a9788,535,TEST2.DAT,269,270,TEST2.DAT:5,Вопросы теории,images/TEST2_269.jpg,5af193607e4fdf6a2b14ac2a49ce1268fab686b03bb46baea82604969a0a9788,28297,624,374,1.668449,landscape,12.360406,0.511895,243.656319,47.652178,1.50661,0.075569,0.03778,0.081056,
legacy-test:test2:270,sha256:a11fdb74662b978db5376ae9a5e2819f615c601ac98bbcb36a73701865e6865d,536,TEST2.DAT,270,271,TEST2.DAT:5,Вопросы теории,images/TEST2_270.jpg,a11fdb74662b978db5376ae9a5e2819f615c601ac98bbcb36a73701865e6865d,26341,624,374,1.668449,landscape,12.360406,0.511895,244.265927,46.883832,1.38377,0.062333,0.036508,0.075887,
legacy-test:test2:271,sha256:af02a38668f20ba8febc846f7aeddbaaae239ad2522948249fca88123656033e,537,TEST2.DAT,271,272,TEST2.DAT:5,Вопросы теории,images/TEST2_271.jpg,af02a38668f20ba8febc846f7aeddbaaae239ad2522948249fca88123656033e,25275,624,374,1.668449,landscape,12.360406,0.511895,244.883377,45.482172,1.30019,0.058057,0.034189,0.069115,
legacy-test:test2:272,sha256:c5d5a89138ba881dbddfc9b211c1e1cdc0e35469ffa707e1323f414160318c77,538,TEST2.DAT,272,273,TEST2.DAT:5,Вопросы теории,images/TEST2_272.jpg,c5d5a89138ba881dbddfc9b211c1e1cdc0e35469ffa707e1323f414160318c77,35577,624,374,1.668449,landscape,12.360406,0.511895,240.532814,54.608925,1.736172,0.086984,0.050335,0.105133,
legacy-test:test2:273,sha256:ce4774d791819ecdbe3f26c6e0b54f35b6c1ade3441fb7063c1c3b55e3bc4022,539,TEST2.DAT,273,274,TEST2.DAT:5,Вопросы теории,images/TEST2_273.jpg,ce4774d791819ecdbe3f26c6e0b54f35b6c1ade3441fb7063c1c3b55e3bc4022,41722,624,374,1.668449,landscape,12.360406,0.511895,236.953029,60.798256,2.070997,0.114331,0.063618,0.126915,
legacy-test:test2:274,sha256:a235fd27babc853e44f4f23d1d7afb6aec2ae5aa536acd77c807b8a4af3f3e29,540,TEST2.DAT,274,275,TEST2.DAT:5,Вопросы теории,images/TEST2_274.jpg,a235fd27babc853e44f4f23d1d7afb6aec2ae5aa536acd77c807b8a4af3f3e29,26471,624,374,1.668449,landscape,12.360406,0.511895,244.058862,47.019335,1.418719,0.069699,0.036692,0.076146,
legacy-test:test2:275,sha256:b7d39c22569e78b2493f4c1e197e5d1dbf9dfa9ed750a8c984ed6a421b7c374a,541,TEST2.DAT,275,276,TEST2.DAT:5,Вопросы теории,images/TEST2_275.jpg,b7d39c22569e78b2493f4c1e197e5d1dbf9dfa9ed750a8c984ed6a421b7c374a,18047,624,374,1.668449,landscape,12.360406,0.511895,247.752078,37.804712,0.982613,0.039241,0.023263,0.048936,
legacy-test:test2:276,sha256:cbc188aa24335dae086a531742d7cf7d27902bf698d151fe59668b1036775677,542,TEST2.DAT,276,277,TEST2.DAT:5,Вопросы теории,images/TEST2_276.jpg,cbc188aa24335dae086a531742d7cf7d27902bf698d151fe59668b1036775677,33933,624,374,1.668449,landscape,12.360406,0.511895,240.714868,54.187963,1.731419,0.089486,0.049581,0.101541,
legacy-test:test2:277,sha256:a280102dbdc22983cbdb0b939be58de6d71bd6bf5983f652c86bbf51d69d7739,543,TEST2.DAT,277,278,TEST2.DAT:5,Вопросы теории,images/TEST2_277.jpg,a280102dbdc22983cbdb0b939be58de6d71bd6bf5983f652c86bbf51d69d7739,36103,624,374,1.668449,landscape,12.360406,0.511895,240.83635,53.660309,1.814107,0.093107,0.048467,0.105725,
legacy-test:test2:278,sha256:59aa31c259cbe6c729285796957a2470e1d25b271192a49b8c5192e1037dccee,544,TEST2.DAT,278,279,TEST2.DAT:5,Вопросы теории,images/TEST2_278.jpg,59aa31c259cbe6c729285796957a2470e1d25b271192a49b8c5192e1037dccee,34510,624,374,1.668449,landscape,12.360406,0.511895,241.415265,52.258217,1.787944,0.096025,0.045849,0.105271,
legacy-test:test2:279,sha256:d8dcb6094ecd081d8ae71c9479bb85899eda8ee476c897b1d0d0c4bf8d129179,545,TEST2.DAT,279,280,TEST2.DAT:5,Вопросы теории,images/TEST2_279.jpg,d8dcb6094ecd081d8ae71c9479bb85899eda8ee476c897b1d0d0c4bf8d129179,48210,624,374,1.668449,landscape,12.360406,0.511895,234.771759,64.161616,2.291296,0.130695,0.071391,0.150581,
legacy-test:test2:280,sha256:cb781a304b1a85662d14ba3a2457d02ad2fe6f3044f8dacab9f89d3bfb14bb15,546,TEST2.DAT,280,281,TEST2.DAT:5,Вопросы теории,images/TEST2_280.jpg,cb781a304b1a85662d14ba3a2457d02ad2fe6f3044f8dacab9f89d3bfb14bb15,22757,624,374,1.668449,landscape,12.360406,0.511895,245.874717,42.809929,1.209826,0.053107,0.030174,0.063483,
legacy-test:test2:281,sha256:33acb92a4ab33bbb5c17ea9c3bc7887e2c3b8dfd0ab4cd4080bffb16ad5b3388,547,TEST2.DAT,281,282,TEST2.DAT:5,Вопросы теории,images/TEST2_281.jpg,33acb92a4ab33bbb5c17ea9c3bc7887e2c3b8dfd0ab4cd4080bffb16ad5b3388,49957,624,374,1.668449,landscape,12.360406,0.511895,233.574862,66.049169,2.36722,0.136822,0.076263,0.151199,
legacy-test:test2:282,sha256:2738da7642642e1c80b4baa78979e23428c5070da099ddbce4dda99577abe054,548,TEST2.DAT,282,283,TEST2.DAT:5,Вопросы теории,images/TEST2_282.jpg,2738da7642642e1c80b4baa78979e23428c5070da099ddbce4dda99577abe054,34201,624,374,1.668449,landscape,12.360406,0.511895,241.735474,51.871884,1.745233,0.087575,0.045146,0.102176,
legacy-test:test2:283,sha256:3bb1c8d1ca2dac88fd1f8b0c7b33285792bed022a256c0a365d88f87cef34459,549,TEST2.DAT,283,284,TEST2.DAT:5,Вопросы теории,images/TEST2_283.jpg,3bb1c8d1ca2dac88fd1f8b0c7b33285792bed022a256c0a365d88f87cef34459,43522,624,374,1.668449,landscape,12.360406,0.511895,236.842983,60.325247,2.18266,0.128946,0.062556,0.134815,
legacy-test:test2:284,sha256:f65b537f1377cb710d71c903bf5410efd27e0199b50f447bb333ac45a3d1e4f5,550,TEST2.DAT,284,285,TEST2.DAT:5,Вопросы теории,images/TEST2_284.jpg,f65b537f1377cb710d71c903bf5410efd27e0199b50f447bb333ac45a3d1e4f5,49138,624,374,1.668449,landscape,12.360406,0.511895,233.704858,65.883667,2.346494,0.134842,0.075719,0.151523,
legacy-test:test2:285,sha256:2830141277e63c09df694793fc8f7552ae2b45596b12cc7b02d78e5ff154f368,551,TEST2.DAT,285,286,TEST2.DAT:5,Вопросы теории,images/TEST2_285.jpg,2830141277e63c09df694793fc8f7552ae2b45596b12cc7b02d78e5ff154f368,23321,624,374,1.668449,landscape,12.360406,0.511895,245.820676,42.863331,1.239038,0.054946,0.030294,0.063972,
legacy-test:test2:286,sha256:c5569312fc59a40b344293be04cc412658440ea068b68cd89b779ffa199a3f70,552,TEST2.DAT,286,287,TEST2.DAT:5,Вопросы теории,images/TEST2_286.jpg,c5569312fc59a40b344293be04cc412658440ea068b68cd89b779ffa199a3f70,33108,624,374,1.668449,landscape,12.360406,0.511895,241.075046,53.090565,1.709084,0.09267,0.047498,0.095733,
legacy-test:test2:287,sha256:e1b6b0505b589398166af2773c611287ada91d63cc92a9b8c03d94ea4b6e1752,553,TEST2.DAT,287,288,TEST2.DAT:5,Вопросы теории,images/TEST2_287.jpg,e1b6b0505b589398166af2773c611287ada91d63cc92a9b8c03d94ea4b6e1752,32352,624,374,1.668449,landscape,12.360406,0.511895,241.189865,52.570673,1.730971,0.099372,0.046521,0.097103,
legacy-test:test2:288,sha256:4f32d118a452b0e2fbd78f8ad939353fd2156c9061546bb4a2b2c9e2855a78d5,554,TEST2.DAT,288,289,TEST2.DAT:5,Вопросы теории,images/TEST2_288.jpg,4f32d118a452b0e2fbd78f8ad939353fd2156c9061546bb4a2b2c9e2855a78d5,21042,624,374,1.668449,landscape,12.360406,0.511895,246.555049,40.914563,1.182309,0.049281,0.027522,0.060752,
legacy-test:test2:289,sha256:d279ea13d73458e2b01478b3774ba4924f772a445661138729bf87fe46fc36c8,555,TEST2.DAT,289,290,TEST2.DAT:5,Вопросы теории,images/TEST2_289.jpg,d279ea13d73458e2b01478b3774ba4924f772a445661138729bf87fe46fc36c8,25862,624,374,1.668449,landscape,12.360406,0.511895,244.223163,46.766206,1.384526,0.064133,0.036345,0.07542,
legacy-test:test2:290,sha256:18b34dc6e239a41dd8fd4bc8a65823faad26e4fb62527def97ccd76e21029387,556,TEST2.DAT,290,291,TEST2.DAT:5,Вопросы теории,images/TEST2_290.jpg,18b34dc6e239a41dd8fd4bc8a65823faad26e4fb62527def97ccd76e21029387,34784,624,374,1.668449,landscape,12.360406,0.511895,240.354201,54.770778,1.762034,0.091539,0.050704,0.106663,
legacy-test:test2:291,sha256:8436dcca5aad2a1d8c83cbcaf6d5fc3ae04bf071e144ed69bebfa434241cf47f,557,TEST2.DAT,291,292,TEST2.DAT:5,Вопросы теории,images/TEST2_291.jpg,8436dcca5aad2a1d8c83cbcaf6d5fc3ae04bf071e144ed69bebfa434241cf47f,34174,624,374,1.668449,landscape,12.360406,0.511895,241.067488,53.367806,1.735015,0.08776,0.047944,0.103011,
legacy-test:test2:292,sha256:5c7f7f34f9854b099b28f51b7f1f716e2ff5bd76d8b7de5b0660d68cda9091ae,558,TEST2.DAT,292,293,TEST2.DAT:5,Вопросы теории,images/TEST2_292.jpg,5c7f7f34f9854b099b28f51b7f1f716e2ff5bd76d8b7de5b0660d68cda9091ae,21127,624,374,1.668449,landscape,12.360406,0.511895,246.549722,41.218059,1.091114,0.046933,0.027908,0.058695,
legacy-test:test2:293,sha256:9a28eb9aa22fce66288d1e1eefaae5752148db420c0ee3ec487f3c4b26e13297,559,TEST2.DAT,293,294,TEST2.DAT:5,Вопросы теории,images/TEST2_293.jpg,9a28eb9aa22fce66288d1e1eefaae5752148db420c0ee3ec487f3c4b26e13297,38495,624,374,1.668449,landscape,12.360406,0.511895,239.434158,56.413912,1.919915,0.101,0.053964,0.114671,
legacy-test:test2:294,sha256:5e8415c9048b17d52429eb83031db9ec6b0ceca13c1bf515963291803aaa1efe,560,TEST2.DAT,294,295,TEST2.DAT:5,Вопросы теории,images/TEST2_294.jpg,5e8415c9048b17d52429eb83031db9ec6b0ceca13c1bf515963291803aaa1efe,18007,624,374,1.668449,landscape,12.360406,0.511895,248.026022,37.043079,0.985582,0.037583,0.022316,0.047916,
legacy-test:test2:295,sha256:668c6cc745290d11224737154c4bc5450bb949d87e07a844a8c091ee5e873f88,561,TEST2.DAT,295,296,TEST2.DAT:5,Вопросы теории,images/TEST2_295.jpg,668c6cc745290d11224737154c4bc5450bb949d87e07a844a8c091ee5e873f88,21878,624,374,1.668449,landscape,12.360406,0.511895,245.960206,42.89389,1.169804,0.049739,0.030252,0.060769,
legacy-test:test2:296,sha256:8717e901f0fe15b1dfc1e229889ddc50facb244cfe473705f34d5d6b56ff9ba4,562,TEST2.DAT,296,297,TEST2.DAT:5,Вопросы теории,images/TEST2_296.jpg,8717e901f0fe15b1dfc1e229889ddc50facb244cfe473705f34d5d6b56ff9ba4,25861,624,374,1.668449,landscape,12.360406,0.511895,244.38986,46.438001,1.35815,0.06295,0.035745,0.071976,
legacy-test:test2:297,sha256:e1885e1551fcb051fba71a90b78580d630bab3747180f89a7537d2fa5d21f013,563,TEST2.DAT,297,298,TEST2.DAT:5,Вопросы теории,images/TEST2_297.jpg,e1885e1551fcb051fba71a90b78580d630bab3747180f89a7537d2fa5d21f013,27724,624,374,1.668449,landscape,12.360406,0.511895,243.309908,48.649492,1.479605,0.077403,0.039434,0.082331,
legacy-test:test2:298,sha256:53023480a32f4f3337dc6644ac7c2489398535ac3813fdfd196ae03f813a3668,564,TEST2.DAT,298,299,TEST2.DAT:5,Вопросы теории,images/TEST2_298.jpg,53023480a32f4f3337dc6644ac7c2489398535ac3813fdfd196ae03f813a3668,26321,624,374,1.668449,landscape,12.360406,0.511895,244.793338,45.545811,1.36162,0.060777,0.034352,0.074703,
legacy-test:test2:299,sha256:f53c5a6697491786c1433426bcd93f3a851cbc94fae3e4dd8afc862ded5a9d5c,565,TEST2.DAT,299,300,TEST2.DAT:5,Вопросы теории,images/TEST2_299.jpg,f53c5a6697491786c1433426bcd93f3a851cbc94fae3e4dd8afc862ded5a9d5c,25590,624,374,1.668449,landscape,12.360406,0.511895,244.946276,45.251254,1.332022,0.058965,0.033812,0.072602,
legacy-test:test2:300,sha256:9ffc3c09291886cd350b7026dbac33109b5428d1a7708cc2cecf09ca84a00e4b,566,TEST2.DAT,300,301,TEST2.DAT:5,Вопросы теории,images/TEST2_300.jpg,9ffc3c09291886cd350b7026dbac33109b5428d1a7708cc2cecf09ca84a00e4b,29087,491,242,2.028926,landscape,11.685382,0.707506,233.113136,66.875433,2.043378,0.12517,0.075634,0.149906,
legacy-test:test2:301,sha256:92e5f3e65cff345bebcc91e9134ac3523ef07875a91c9dc6a8686f998fa0880f,567,TEST2.DAT,301,302,TEST2.DAT:5,Вопросы теории,images/TEST2_301.jpg,92e5f3e65cff345bebcc91e9134ac3523ef07875a91c9dc6a8686f998fa0880f,46611,648,372,1.741935,landscape,12.392785,0.554997,236.132542,60.942745,2.262955,0.11372,0.062384,0.140846,
legacy-test:test2:302,sha256:5b69a28d9afd70d4968291e269fadb84602c259c8b8eddeb3739f122591b872b,568,TEST2.DAT,302,303,TEST2.DAT:5,Вопросы теории,images/TEST2_302.jpg,5b69a28d9afd70d4968291e269fadb84602c259c8b8eddeb3739f122591b872b,45162,636,372,1.709677,landscape,12.374092,0.536305,236.297039,60.73313,2.234809,0.112227,0.06212,0.138985,
legacy-test:test2:303,sha256:cf515c8fccce154152ae65026442cf9e41a6d84fa1b7c4c0c744fda5e0b31b00,569,TEST2.DAT,303,304,TEST2.DAT:5,Вопросы теории,images/TEST2_303.jpg,cf515c8fccce154152ae65026442cf9e41a6d84fa1b7c4c0c744fda5e0b31b00,28993,624,374,1.668449,landscape,12.360406,0.511895,243.153152,49.359781,1.494083,0.070689,0.040634,0.083904,
legacy-test:test2:304,sha256:96f5a7dc3c68238eef5dbb74f4a89e579e323c38d30dcb97b424c1a6d822e007,570,TEST2.DAT,304,305,TEST2.DAT:5,Вопросы теории,images/TEST2_304.jpg,96f5a7dc3c68238eef5dbb74f4a89e579e323c38d30dcb97b424c1a6d822e007,19505,624,374,1.668449,landscape,12.360406,0.511895,247.379885,38.953641,1.040426,0.042245,0.02475,0.052635,
legacy-test:test2:305,sha256:76ad37cd3b9ea1e5a585d8d5480bcbc5254808b49e96bb4b5104238104af9a1b,571,TEST2.DAT,305,306,TEST2.DAT:5,Вопросы теории,images/TEST2_305.jpg,76ad37cd3b9ea1e5a585d8d5480bcbc5254808b49e96bb4b5104238104af9a1b,34599,612,372,1.645161,landscape,12.335626,0.497838,240.231811,53.016883,2.03492,0.100038,0.046384,0.113726,
legacy-test:test2:306,sha256:ee42b6172ff672c517598e862158f85603d407a8223535e7ce792a2ca4be2384,572,TEST2.DAT,306,307,TEST2.DAT:5,Вопросы теории,images/TEST2_306.jpg,ee42b6172ff672c517598e862158f85603d407a8223535e7ce792a2ca4be2384,36866,624,374,1.668449,landscape,12.360406,0.511895,240.106061,55.417222,1.819197,0.091063,0.05198,0.108988,
legacy-test:test2:307,sha256:8dcff8f58128d0db3ed1d4f40cf03e33d216fb84c86c0b8c4ebd9d08e871b80e,573,TEST2.DAT,307,308,TEST2.DAT:5,Вопросы теории,images/TEST2_307.jpg,8dcff8f58128d0db3ed1d4f40cf03e33d216fb84c86c0b8c4ebd9d08e871b80e,22538,624,374,1.668449,landscape,12.360406,0.511895,246.018095,42.628211,1.20615,0.050408,0.029922,0.062852,
legacy-test:test2:308,sha256:7e1cb02f4c19f0b1b0fed7aa8f455a2932f59f6eaa376d8fa5c4b71a3b36f1de,574,TEST2.DAT,308,309,TEST2.DAT:5,Вопросы теории,images/TEST2_308.jpg,7e1cb02f4c19f0b1b0fed7aa8f455a2932f59f6eaa376d8fa5c4b71a3b36f1de,28843,624,374,1.668449,landscape,12.360406,0.511895,243.215832,49.264388,1.476327,0.069274,0.040441,0.085097,
legacy-test:test2:309,sha256:94b58158fce81f188117dfb4dfa138d1bb3575c082c0e86268cceeddfd94215a,575,TEST2.DAT,309,310,TEST2.DAT:5,Вопросы теории,images/TEST2_309.jpg,94b58158fce81f188117dfb4dfa138d1bb3575c082c0e86268cceeddfd94215a,38886,624,374,1.668449,landscape,12.360406,0.511895,239.326109,56.772597,1.906617,0.098056,0.054693,0.116918,
legacy-test:test2:310,sha256:9193fe7ce85f6aea8eb32251b543459a6d6712e8d3d372e03e97ba317084ca54,576,TEST2.DAT,310,311,TEST2.DAT:5,Вопросы теории,images/TEST2_310.jpg,9193fe7ce85f6aea8eb32251b543459a6d6712e8d3d372e03e97ba317084ca54,23130,624,374,1.668449,landscape,12.360406,0.511895,245.69002,43.553911,1.212131,0.052336,0.031199,0.06344,
legacy-test:test2:311,sha256:17e343d7ee75b90514c681b7cdb367e130c78c82a892df07f8f0b2ab396ad239,577,TEST2.DAT,311,312,TEST2.DAT:5,Вопросы теории,images/TEST2_311.jpg,17e343d7ee75b90514c681b7cdb367e130c78c82a892df07f8f0b2ab396ad239,38119,624,374,1.668449,landscape,12.360406,0.511895,239.482993,56.589635,1.865875,0.095404,0.054234,0.112886,
legacy-test:test2:312,sha256:a27ccd98deb3c0b44cc4d43ff82b4adab9825c844b5f7f99f4a29f70f9e58355,578,TEST2.DAT,312,313,TEST2.DAT:5,Вопросы теории,images/TEST2_312.jpg,a27ccd98deb3c0b44cc4d43ff82b4adab9825c844b5f7f99f4a29f70f9e58355,40910,624,374,1.668449,landscape,12.360406,0.511895,237.871131,59.16587,2.024126,0.108546,0.059972,0.121352,
legacy-test:test2:313,sha256:33a9ba84a644e32c9198a06a3d852cff7afb627e934eac86bbdaaff24d4b72a3,579,TEST2.DAT,313,314,TEST2.DAT:5,Вопросы теории,images/TEST2_313.jpg,33a9ba84a644e32c9198a06a3d852cff7afb627e934eac86bbdaaff24d4b72a3,33014,491,215,2.283721,landscape,11.567082,0.825806,226.093639,75.314452,2.566829,0.16639,0.099313,0.196732,
legacy-test:test2:314,sha256:462279e26fd5b4f653dc08e1acedc5f0e4199bc2435f147c3f3321f4ab011a89,580,TEST2.DAT,314,315,TEST2.DAT:5,Вопросы теории,images/TEST2_314.jpg,462279e26fd5b4f653dc08e1acedc5f0e4199bc2435f147c3f3321f4ab011a89,31887,624,374,1.668449,landscape,12.360406,0.511895,241.814424,51.933744,1.6541,0.081114,0.045215,0.094319,
legacy-test:test2:315,sha256:7e39c88902b67ac0160f612a3406b82b4573cf2efab7a7bbf8f5f0fedee1d026,581,TEST2.DAT,315,316,TEST2.DAT:5,Вопросы теории,images/TEST2_315.jpg,7e39c88902b67ac0160f612a3406b82b4573cf2efab7a7bbf8f5f0fedee1d026,31739,624,374,1.668449,landscape,12.360406,0.511895,241.886856,52.010224,1.575781,0.077274,0.04533,0.096511,invalid_answer_marker
legacy-test:test2:316,sha256:e2aa921adb1bd5db0a94bc3f8b60c7c911ce8fc1d7f052181d49e6111f932a04,582,TEST2.DAT,316,317,TEST2.DAT:5,Вопросы теории,images/TEST2_316.jpg,e2aa921adb1bd5db0a94bc3f8b60c7c911ce8fc1d7f052181d49e6111f932a04,22032,624,374,1.668449,landscape,12.360406,0.511895,246.487119,41.228936,1.178255,0.048493,0.028036,0.060354,
